1,Lillian,Harvey,lharvey0@oracle.com,JO,2015-12-06,2015-12-25,1
2,Robin,Gonzalez,rgonzalez1@washington.edu,VN,2015-12-05,2015-12-16,2
3,Antonio,Thompson,athompson2@wp.com,RS,2015-12-02,2015-12-12,3
4,Diana,Weaver,dweaver3@myspace.com,GR,2015-12-04,2015-12-20,4
5,Emily,Mills,emills4@flickr.com,CN,2015-12-04,2015-12-18,5
6,Jennifer,Russell,jrussell5@pinterest.com,PH,2015-12-05,2015-12-12,6
7,Cheryl,Arnold,carnold6@nba.com,CN,2015-12-03,2015-12-26,7
8,Sean,Kelly,skelly7@naver.com,MA,2015-12-01,2015-12-13,8
9,Lori,Mcdonald,lmcdonald8@irs.gov,JP,2015-12-03,2015-12-16,9
10,Stephen,Richardson,srichardson9@imgur.com,SE,2015-12-05,2015-12-18,10
11,Larry,Gilbert,lgilberta@livejournal.com,PL,2015-12-05,2015-12-13,11
12,Charles,Hart,chartb@ehow.com,US,2015-12-04,2015-12-19,12
13,Douglas,Kim,dkimc@fotki.com,AZ,2015-12-05,2015-12-24,13
14,Judith,Hawkins,jhawkinsd@weather.com,CN,2015-12-04,2015-12-16,14
15,Evelyn,Wilson,ewilsone@is.gd,ES,2015-12-04,2015-12-22,15
16,Eugene,Palmer,epalmerf@vk.com,SE,2015-12-01,2015-12-13,16
17,Nancy,Moreno,nmorenog@nba.com,TH,2015-12-03,2015-12-12,17
18,Aaron,Lopez,alopezh@webnode.com,SE,2015-12-06,2015-12-24,18
19,Billy,Hernandez,bhernandezi@berkeley.edu,BR,2015-12-02,2015-12-29,19
20,Pamela,Long,plongj@utexas.edu,RU,2015-12-01,2015-12-15,20
21,Robin,Fisher,rfisherk@wired.com,ES,2015-12-05,2015-12-10,21
22,Tammy,Berry,tberryl@vimeo.com,LK,2015-12-03,2015-12-10,22
23,Ernest,Kelly,ekellym@canalblog.com,FR,2015-12-04,2015-12-13,23
24,Patricia,Andrews,pandrewsn@flavors.me,SE,2015-12-02,2015-12-29,24
25,Ruth,Parker,rparkero@indiatimes.com,IE,2015-12-03,2015-12-13,25
26,Randy,Stephens,rstephensp@twitpic.com,FI,2015-12-01,2015-12-20,26
27,Jesse,West,jwestq@addthis.com,US,2015-12-02,2015-12-28,27
28,Paula,Burton,pburtonr@geocities.jp,CR,2015-12-03,2015-12-10,28
29,Jimmy,Jordan,jjordans@sakura.ne.jp,MX,2015-12-06,2015-12-25,29
30,Phillip,Kim,pkimt@princeton.edu,ID,2015-12-02,2015-12-28,30
31,Christine,Ryan,cryanu@miitbeian.gov.cn,CN,2015-12-02,2015-12-27,31
32,Heather,Elliott,helliottv@biblegateway.com,AM,2015-12-04,2015-12-14,32
33,Martin,Bryant,mbryantw@vinaora.com,NG,2015-12-01,2015-12-15,33
34,Terry,Reynolds,treynoldsx@wikipedia.org,FI,2015-12-01,2015-12-16,34
35,Scott,Bennett,sbennetty@pen.io,UA,2015-12-01,2015-12-30,35
36,Patrick,Jenkins,pjenkinsz@bandcamp.com,UA,2015-12-04,2015-12-09,36
37,Edward,Morrison,emorrison10@slate.com,PK,2015-12-06,2015-12-19,37
38,Melissa,Bennett,mbennett11@samsung.com,DE,2015-12-01,2015-12-14,38
39,Robin,Burns,rburns12@epa.gov,MS,2015-12-03,2015-12-30,39
40,Lisa,Bradley,lbradley13@sohu.com,NG,2015-12-01,2015-12-29,40
41,Jesse,White,jwhite14@skype.com,JP,2015-12-01,2015-12-11,41
42,Jesse,Ramirez,jramirez15@comcast.net,CN,2015-12-02,2015-12-25,42
43,Daniel,Freeman,dfreeman16@dedecms.com,ID,2015-12-01,2015-12-13,43
44,Jane,Frazier,jfrazier17@youtu.be,ID,2015-12-05,2015-12-28,44
45,Lisa,Coleman,lcoleman18@g.co,BR,2015-12-05,2015-12-17,45
46,Diana,Payne,dpayne19@constantcontact.com,CN,2015-12-03,2015-12-13,46
47,Teresa,Reid,treid1a@state.tx.us,IL,2015-12-03,2015-12-22,47
48,William,Taylor,wtaylor1b@dailymotion.com,UA,2015-12-06,2015-12-20,48
49,Louis,Lawson,llawson1c@skype.com,CU,2015-12-06,2015-12-25,49
50,Philip,Jones,pjones1d@weibo.com,US,2015-12-04,2015-12-13,50
51,Stephen,Mitchell,smitchell1e@sphinn.com,GT,2015-12-05,2015-12-24,51
52,Deborah,Jenkins,djenkins1f@blog.com,ID,2015-12-04,2015-12-13,52
53,Melissa,Spencer,mspencer1g@meetup.com,GT,2015-12-06,2015-12-13,53
54,Dennis,Long,dlong1h@theatlantic.com,CN,2015-12-03,2015-12-13,54
55,Ernest,Kennedy,ekennedy1i@wiley.com,PH,2015-12-05,2015-12-11,55
56,Debra,Holmes,dholmes1j@accuweather.com,PT,2015-12-03,2015-12-23,56
57,Alan,Richardson,arichardson1k@oracle.com,CZ,2015-12-01,2015-12-23,57
58,Thomas,Williams,twilliams1l@narod.ru,ID,2015-12-04,2015-12-29,58
59,Norma,Cruz,ncruz1m@toplist.cz,IQ,2015-12-06,2015-12-10,59
60,Jean,Taylor,jtaylor1n@live.com,CN,2015-12-01,2015-12-13,60
61,Donna,Howell,dhowell1o@com.com,DO,2015-12-06,2015-12-23,61
62,Ernest,Rodriguez,erodriguez1p@lulu.com,SE,2015-12-04,2015-12-17,62
63,Philip,Mitchell,pmitchell1q@auda.org.au,PE,2015-12-06,2015-12-28,63
64,Rebecca,Morrison,rmorrison1r@slashdot.org,PT,2015-12-01,2015-12-28,64
65,Tina,Alvarez,talvarez1s@networkadvertising.org,JP,2015-12-03,2015-12-29,65
66,Kevin,Butler,kbutler1t@nationalgeographic.com,RU,2015-12-02,2015-12-30,66
67,Tina,Montgomery,tmontgomery1u@i2i.jp,SE,2015-12-03,2015-12-09,67
68,Virginia,Long,vlong1v@mayoclinic.com,ID,2015-12-06,2015-12-16,68
69,Antonio,Nguyen,anguyen1w@wunderground.com,PH,2015-12-02,2015-12-11,69
70,Stephen,Gomez,sgomez1x@indiatimes.com,MX,2015-12-01,2015-12-15,70
71,Eric,Sims,esims1y@scribd.com,CN,2015-12-02,2015-12-20,71
72,Irene,Moore,imoore1z@webmd.com,NG,2015-12-01,2015-12-17,72
73,Marie,Hart,mhart20@nifty.com,IE,2015-12-06,2015-12-18,73
74,Jane,Miller,jmiller21@marriott.com,CA,2015-12-04,2015-12-13,74
75,Deborah,Burke,dburke22@purevolume.com,MX,2015-12-05,2015-12-21,75
76,Julie,Walker,jwalker23@jugem.jp,BA,2015-12-05,2015-12-25,76
77,Sandra,Burns,sburns24@google.pl,PT,2015-12-01,2015-12-28,77
78,Ernest,Gutierrez,egutierrez25@amazon.com,CN,2015-12-05,2015-12-20,78
79,Jessica,Mitchell,jmitchell26@answers.com,TZ,2015-12-01,2015-12-22,79
80,Bruce,Collins,bcollins27@e-recht24.de,CN,2015-12-05,2015-12-28,80
81,John,Green,jgreen28@cbsnews.com,CO,2015-12-04,2015-12-17,81
82,Janice,Barnes,jbarnes29@de.vu,TH,2015-12-01,2015-12-17,82
83,Dorothy,Rivera,drivera2a@jugem.jp,BM,2015-12-01,2015-12-09,83
84,Michael,Howell,mhowell2b@edublogs.org,PH,2015-12-06,2015-12-13,84
85,Anna,Perry,aperry2c@t.co,AM,2015-12-06,2015-12-25,85
86,Samuel,Greene,sgreene2d@nationalgeographic.com,BG,2015-12-02,2015-12-17,86
87,Anne,Simmons,asimmons2e@ning.com,CN,2015-12-01,2015-12-15,87
88,Ryan,Palmer,rpalmer2f@etsy.com,PT,2015-12-01,2015-12-21,88
89,Larry,Turner,lturner2g@answers.com,ID,2015-12-06,2015-12-15,89
90,Arthur,Cole,acole2h@hexun.com,SE,2015-12-04,2015-12-30,90
91,Rebecca,Stone,rstone2i@house.gov,RU,2015-12-03,2015-12-20,91
92,Sharon,Arnold,sarnold2j@abc.net.au,CN,2015-12-05,2015-12-25,92
93,Richard,Warren,rwarren2k@cloudflare.com,PT,2015-12-02,2015-12-26,93
94,Antonio,Morgan,amorgan2l@examiner.com,GB,2015-12-03,2015-12-19,94
95,Jacqueline,Reyes,jreyes2m@bravesites.com,LV,2015-12-04,2015-12-28,95
96,Carolyn,Mitchell,cmitchell2n@apache.org,BY,2015-12-04,2015-12-17,96
97,Cynthia,Young,cyoung2o@toplist.cz,PH,2015-12-02,2015-12-18,97
98,Harold,Cunningham,hcunningham2p@discuz.net,CN,2015-12-01,2015-12-12,98
99,Nicholas,Porter,nporter2q@wunderground.com,PH,2015-12-05,2015-12-15,99
100,Lillian,Lee,llee2r@usa.gov,CN,2015-12-05,2015-12-27,100
101,Harry,Gomez,hgomez2s@pbs.org,NA,2015-12-01,2015-12-26,101
102,Theresa,Matthews,tmatthews2t@cloudflare.com,ID,2015-12-04,2015-12-09,102
103,Judith,Daniels,jdaniels2u@ft.com,ID,2015-12-06,2015-12-30,103
104,Judy,Harper,jharper2v@nyu.edu,RU,2015-12-04,2015-12-12,104
105,Howard,Parker,hparker2w@slideshare.net,CN,2015-12-06,2015-12-29,105
106,Jennifer,Lawrence,jlawrence2x@cocolog-nifty.com,PH,2015-12-01,2015-12-22,106
107,Judith,Stanley,jstanley2y@wix.com,CZ,2015-12-04,2015-12-21,107
108,James,Arnold,jarnold2z@ed.gov,US,2015-12-04,2015-12-13,108
109,Billy,Moore,bmoore30@godaddy.com,CN,2015-12-02,2015-12-18,109
110,Willie,Palmer,wpalmer31@discovery.com,CN,2015-12-01,2015-12-17,110
111,Charles,West,cwest32@craigslist.org,FR,2015-12-01,2015-12-11,111
112,Margaret,Olson,molson33@ustream.tv,PH,2015-12-01,2015-12-19,112
113,Cheryl,Holmes,cholmes34@senate.gov,CN,2015-12-04,2015-12-16,113
114,Jesse,Tucker,jtucker35@dailymotion.com,PT,2015-12-06,2015-12-18,114
115,Jack,Jordan,jjordan36@hibu.com,ID,2015-12-02,2015-12-19,115
116,Melissa,Harris,mharris37@cbc.ca,MY,2015-12-01,2015-12-26,116
117,Janice,White,jwhite38@samsung.com,PT,2015-12-03,2015-12-14,117
118,Jennifer,Ellis,jellis39@youtu.be,CN,2015-12-06,2015-12-26,118
119,Roger,Day,rday3a@themeforest.net,ID,2015-12-04,2015-12-22,119
120,Chris,Owens,cowens3b@google.nl,BR,2015-12-05,2015-12-18,120
121,Diane,Davis,ddavis3c@thetimes.co.uk,CU,2015-12-05,2015-12-29,121
122,Jeffrey,Ross,jross3d@latimes.com,BW,2015-12-02,2015-12-18,122
123,Samuel,Stone,sstone3e@parallels.com,CN,2015-12-03,2015-12-27,123
124,Billy,Hansen,bhansen3f@creativecommons.org,PL,2015-12-04,2015-12-26,124
125,Andrew,Welch,awelch3g@bluehost.com,RU,2015-12-06,2015-12-16,125
126,Jack,Reed,jreed3h@mtv.com,ID,2015-12-03,2015-12-20,126
127,Dorothy,Ward,dward3i@oaic.gov.au,PK,2015-12-03,2015-12-28,127
128,Chris,Burton,cburton3j@baidu.com,RU,2015-12-01,2015-12-22,128
129,Jeffrey,Walker,jwalker3k@huffingtonpost.com,PK,2015-12-03,2015-12-29,129
130,Arthur,Perkins,aperkins3l@surveymonkey.com,CN,2015-12-05,2015-12-24,130
131,Catherine,Harris,charris3m@twitpic.com,FR,2015-12-05,2015-12-28,131
132,Nicholas,Adams,nadams3n@jiathis.com,ID,2015-12-04,2015-12-20,132
133,Roy,Sanchez,rsanchez3o@redcross.org,MW,2015-12-01,2015-12-26,133
134,Virginia,Richards,vrichards3p@sogou.com,CZ,2015-12-01,2015-12-30,134
135,Brian,Wilson,bwilson3q@so-net.ne.jp,RU,2015-12-05,2015-12-20,135
136,Christopher,Rivera,crivera3r@marriott.com,HN,2015-12-01,2015-12-24,136
137,William,Gilbert,wgilbert3s@msu.edu,ID,2015-12-06,2015-12-25,137
138,Judy,Duncan,jduncan3t@google.fr,NZ,2015-12-01,2015-12-27,138
139,Justin,Powell,jpowell3u@cloudflare.com,ID,2015-12-03,2015-12-15,139
140,Mark,Clark,mclark3v@tmall.com,SE,2015-12-06,2015-12-10,140
141,Nancy,Oliver,noliver3w@webmd.com,PE,2015-12-04,2015-12-25,141
142,Shirley,Williams,swilliams3x@nsw.gov.au,FI,2015-12-03,2015-12-10,142
143,Ann,Evans,aevans3y@xing.com,FR,2015-12-05,2015-12-26,143
144,Frances,Brown,fbrown3z@storify.com,PL,2015-12-06,2015-12-12,144
145,Carolyn,Gomez,cgomez40@linkedin.com,NL,2015-12-03,2015-12-13,145
146,Lawrence,Hamilton,lhamilton41@amazon.de,AR,2015-12-04,2015-12-09,146
147,Keith,Berry,kberry42@guardian.co.uk,EE,2015-12-03,2015-12-24,147
148,Ernest,Hughes,ehughes43@deviantart.com,JP,2015-12-03,2015-12-19,148
149,Raymond,Alvarez,ralvarez44@xing.com,VE,2015-12-03,2015-12-22,149
150,Tammy,Bradley,tbradley45@naver.com,RU,2015-12-06,2015-12-15,150
151,Janet,Ford,jford46@51.la,ID,2015-12-03,2015-12-19,151
152,Eugene,Henderson,ehenderson47@upenn.edu,ID,2015-12-03,2015-12-23,152
153,Heather,Russell,hrussell48@whitehouse.gov,SE,2015-12-03,2015-12-19,153
154,Deborah,Burton,dburton49@yahoo.com,CN,2015-12-03,2015-12-20,154
155,Rebecca,Olson,rolson4a@purevolume.com,ID,2015-12-02,2015-12-25,155
156,Paula,Bailey,pbailey4b@webeden.co.uk,DE,2015-12-03,2015-12-14,156
157,Stephen,Bowman,sbowman4c@github.io,PL,2015-12-02,2015-12-16,157
158,Carl,Allen,callen4d@examiner.com,CN,2015-12-02,2015-12-09,158
159,Carolyn,Henderson,chenderson4e@mediafire.com,GM,2015-12-03,2015-12-10,159
160,Joseph,Johnston,jjohnston4f@altervista.org,FR,2015-12-01,2015-12-18,160
161,Johnny,Sanchez,jsanchez4g@nbcnews.com,ID,2015-12-05,2015-12-15,161
162,Virginia,Harper,vharper4h@macromedia.com,LV,2015-12-02,2015-12-11,162
163,Nicole,Arnold,narnold4i@elpais.com,PL,2015-12-02,2015-12-18,163
164,Phillip,Crawford,pcrawford4j@cloudflare.com,BR,2015-12-02,2015-12-11,164
165,Jesse,Wilson,jwilson4k@google.cn,BJ,2015-12-03,2015-12-26,165
166,Louise,Stewart,lstewart4l@ucsd.edu,CN,2015-12-01,2015-12-26,166
167,Tammy,Young,tyoung4m@intel.com,CN,2015-12-04,2015-12-11,167
168,Scott,Burton,sburton4n@slideshare.net,RU,2015-12-04,2015-12-12,168
169,Stephen,Morgan,smorgan4o@examiner.com,CN,2015-12-02,2015-12-30,169
170,Evelyn,Hamilton,ehamilton4p@buzzfeed.com,ZA,2015-12-01,2015-12-21,170
171,Jonathan,Ray,jray4q@nydailynews.com,PL,2015-12-04,2015-12-30,171
172,Kevin,Hunt,khunt4r@pinterest.com,PL,2015-12-04,2015-12-12,172
173,Jesse,Johnston,jjohnston4s@devhub.com,CN,2015-12-06,2015-12-21,173
174,Joseph,Dixon,jdixon4t@ucsd.edu,RU,2015-12-04,2015-12-23,174
175,Joan,Hanson,jhanson4u@cam.ac.uk,CN,2015-12-05,2015-12-14,175
176,Robert,Howard,rhoward4v@walmart.com,PL,2015-12-06,2015-12-19,176
177,Deborah,Gonzales,dgonzales4w@drupal.org,CN,2015-12-02,2015-12-29,177
178,Donald,Simmons,dsimmons4x@xinhuanet.com,CN,2015-12-05,2015-12-28,178
179,Carl,Kelly,ckelly4y@ocn.ne.jp,PT,2015-12-03,2015-12-25,179
180,Ruth,Wood,rwood4z@army.mil,PE,2015-12-03,2015-12-24,180
181,Beverly,Taylor,btaylor50@smugmug.com,BR,2015-12-05,2015-12-14,181
182,Paula,Fowler,pfowler51@tiny.cc,SI,2015-12-02,2015-12-21,182
183,Arthur,Spencer,aspencer52@zimbio.com,CN,2015-12-04,2015-12-15,183
184,Jeremy,Porter,jporter53@wikispaces.com,HN,2015-12-04,2015-12-26,184
185,John,Mason,jmason54@arstechnica.com,PL,2015-12-03,2015-12-25,185
186,Heather,Watkins,hwatkins55@gnu.org,CN,2015-12-04,2015-12-22,186
187,Diana,Mcdonald,dmcdonald56@scientificamerican.com,UA,2015-12-03,2015-12-24,187
188,Kathy,Montgomery,kmontgomery57@tamu.edu,CL,2015-12-04,2015-12-30,188
189,Amy,Ramos,aramos58@tinypic.com,CN,2015-12-05,2015-12-29,189
190,Gerald,Cox,gcox59@dropbox.com,CN,2015-12-05,2015-12-12,190
191,Henry,Elliott,helliott5a@illinois.edu,KZ,2015-12-03,2015-12-09,191
192,Barbara,Cole,bcole5b@si.edu,CN,2015-12-06,2015-12-21,192
193,Kelly,Roberts,kroberts5c@tmall.com,ES,2015-12-04,2015-12-22,193
194,Clarence,Ramos,cramos5d@princeton.edu,RU,2015-12-06,2015-12-14,194
195,Antonio,Vasquez,avasquez5e@flavors.me,RU,2015-12-03,2015-12-09,195
196,Todd,Grant,tgrant5f@rakuten.co.jp,ID,2015-12-05,2015-12-23,196
197,Janice,Sanders,jsanders5g@parallels.com,EC,2015-12-02,2015-12-13,197
198,Steven,Walker,swalker5h@w3.org,PT,2015-12-06,2015-12-15,198
199,Ann,Murphy,amurphy5i@ustream.tv,UA,2015-12-05,2015-12-26,199
200,Helen,Grant,hgrant5j@dailymail.co.uk,ID,2015-12-05,2015-12-21,200
201,Brenda,Fields,bfields5k@arizona.edu,TH,2015-12-06,2015-12-27,201
202,Fred,Welch,fwelch5l@reddit.com,PL,2015-12-05,2015-12-10,202
203,Amy,Kelley,akelley5m@usgs.gov,GT,2015-12-03,2015-12-19,203
204,Todd,Duncan,tduncan5n@washingtonpost.com,PT,2015-12-01,2015-12-23,204
205,Norma,Meyer,nmeyer5o@hc360.com,RS,2015-12-04,2015-12-29,205
206,Barbara,Ruiz,bruiz5p@dropbox.com,SE,2015-12-01,2015-12-30,206
207,Jesse,Harrison,jharrison5q@multiply.com,KM,2015-12-02,2015-12-24,207
208,Diane,Morris,dmorris5r@vinaora.com,CN,2015-12-04,2015-12-16,208
209,Paula,Fields,pfields5s@ameblo.jp,CU,2015-12-06,2015-12-17,209
210,Harold,Lopez,hlopez5t@arstechnica.com,NA,2015-12-05,2015-12-12,210
211,Stephanie,Vasquez,svasquez5u@google.co.jp,ID,2015-12-01,2015-12-29,211
212,Joseph,Willis,jwillis5v@noaa.gov,NG,2015-12-05,2015-12-22,212
213,Virginia,Gilbert,vgilbert5w@shareasale.com,PL,2015-12-03,2015-12-20,213
214,Daniel,Brooks,dbrooks5x@businessweek.com,IR,2015-12-03,2015-12-16,214
215,Jason,Hall,jhall5y@blog.com,RU,2015-12-01,2015-12-10,215
216,Ruby,Stewart,rstewart5z@comcast.net,PH,2015-12-01,2015-12-15,216
217,Melissa,Chapman,mchapman60@weibo.com,PH,2015-12-03,2015-12-26,217
218,Nancy,Vasquez,nvasquez61@mozilla.org,LK,2015-12-03,2015-12-14,218
219,Ruby,Mason,rmason62@nyu.edu,BR,2015-12-03,2015-12-20,219
220,Jean,Flores,jflores63@abc.net.au,PT,2015-12-03,2015-12-28,220
221,Billy,Franklin,bfranklin64@gravatar.com,ID,2015-12-01,2015-12-28,221
222,Clarence,Morgan,cmorgan65@epa.gov,FR,2015-12-06,2015-12-22,222
223,Teresa,Carter,tcarter66@accuweather.com,UA,2015-12-06,2015-12-27,223
224,Laura,Lawrence,llawrence67@spotify.com,LU,2015-12-06,2015-12-29,224
225,Chris,Kim,ckim68@intel.com,TH,2015-12-04,2015-12-20,225
226,Aaron,Banks,abanks69@squidoo.com,DO,2015-12-02,2015-12-11,226
227,Henry,Ramos,hramos6a@tiny.cc,ID,2015-12-05,2015-12-22,227
228,Michelle,Henry,mhenry6b@chronoengine.com,PT,2015-12-01,2015-12-09,228
229,Anne,Fields,afields6c@facebook.com,RU,2015-12-03,2015-12-26,229
230,Judith,Bishop,jbishop6d@topsy.com,CN,2015-12-03,2015-12-20,230
231,Margaret,Mendoza,mmendoza6e@oaic.gov.au,AZ,2015-12-01,2015-12-18,231
232,Marie,Freeman,mfreeman6f@webnode.com,US,2015-12-03,2015-12-20,232
233,Evelyn,Kim,ekim6g@ameblo.jp,FR,2015-12-02,2015-12-19,233
234,Judith,Griffin,jgriffin6h@umich.edu,IE,2015-12-02,2015-12-18,234
235,Robin,Frazier,rfrazier6i@washingtonpost.com,PH,2015-12-05,2015-12-17,235
236,Anne,King,aking6j@ucoz.com,KP,2015-12-05,2015-12-14,236
237,Michelle,Clark,mclark6k@ihg.com,TH,2015-12-04,2015-12-13,237
238,Carolyn,Richardson,crichardson6l@qq.com,KR,2015-12-01,2015-12-24,238
239,Nicholas,Gonzalez,ngonzalez6m@cornell.edu,CN,2015-12-04,2015-12-24,239
240,Lisa,Baker,lbaker6n@mail.ru,UA,2015-12-02,2015-12-24,240
241,Mary,White,mwhite6o@newyorker.com,CN,2015-12-01,2015-12-17,241
242,Charles,Castillo,ccastillo6p@baidu.com,KZ,2015-12-01,2015-12-13,242
243,Annie,Castillo,acastillo6q@opera.com,RS,2015-12-04,2015-12-27,243
244,Jennifer,Daniels,jdaniels6r@addthis.com,CO,2015-12-06,2015-12-23,244
245,Clarence,Taylor,ctaylor6s@webs.com,LT,2015-12-06,2015-12-21,245
246,Kathryn,Woods,kwoods6t@whitehouse.gov,PT,2015-12-03,2015-12-24,246
247,Paula,Carter,pcarter6u@blogspot.com,PH,2015-12-02,2015-12-28,247
248,Keith,Montgomery,kmontgomery6v@mtv.com,CN,2015-12-01,2015-12-10,248
249,Tammy,Lynch,tlynch6w@timesonline.co.uk,BR,2015-12-01,2015-12-13,249
250,Ronald,Walker,rwalker6x@ezinearticles.com,CN,2015-12-05,2015-12-16,250
251,Andrew,Johnson,ajohnson6y@irs.gov,BR,2015-12-05,2015-12-10,251
252,Karen,Chavez,kchavez6z@census.gov,HT,2015-12-06,2015-12-09,252
253,Brian,Nichols,bnichols70@weebly.com,RU,2015-12-05,2015-12-09,253
254,Scott,Cooper,scooper71@yelp.com,NO,2015-12-04,2015-12-26,254
255,Justin,Meyer,jmeyer72@naver.com,CA,2015-12-02,2015-12-19,255
256,Ernest,Kelley,ekelley73@hao123.com,CN,2015-12-06,2015-12-09,256
257,Billy,Larson,blarson74@twitpic.com,TH,2015-12-06,2015-12-20,257
258,James,Wells,jwells75@desdev.cn,BR,2015-12-01,2015-12-17,258
259,Irene,Chapman,ichapman76@foxnews.com,ID,2015-12-06,2015-12-18,259
260,Gregory,Clark,gclark77@aol.com,GR,2015-12-05,2015-12-25,260
261,Marilyn,Moreno,mmoreno78@about.me,CN,2015-12-04,2015-12-22,261
262,Marilyn,Nguyen,mnguyen79@hhs.gov,BR,2015-12-02,2015-12-28,262
263,Ruth,Williamson,rwilliamson7a@vinaora.com,FR,2015-12-06,2015-12-15,263
264,Sean,Price,sprice7b@so-net.ne.jp,PL,2015-12-03,2015-12-17,264
265,Jeremy,Hanson,jhanson7c@hao123.com,CN,2015-12-05,2015-12-29,265
266,Kimberly,Woods,kwoods7d@slate.com,AL,2015-12-03,2015-12-27,266
267,Albert,Baker,abaker7e@miitbeian.gov.cn,VN,2015-12-03,2015-12-29,267
268,Bruce,Hart,bhart7f@cnbc.com,RU,2015-12-05,2015-12-22,268
269,Wanda,Long,wlong7g@sogou.com,FR,2015-12-02,2015-12-15,269
270,Clarence,Carter,ccarter7h@usnews.com,BR,2015-12-05,2015-12-17,270
271,Mark,Hart,mhart7i@google.cn,JP,2015-12-05,2015-12-26,271
272,Roger,Hunt,rhunt7j@xinhuanet.com,PL,2015-12-04,2015-12-26,272
273,Cheryl,Sanchez,csanchez7k@bluehost.com,VE,2015-12-04,2015-12-30,273
274,Jeremy,Russell,jrussell7l@columbia.edu,CA,2015-12-03,2015-12-24,274
275,Christine,Brown,cbrown7m@ucoz.com,LU,2015-12-03,2015-12-28,275
276,Peter,White,pwhite7n@nbcnews.com,TH,2015-12-02,2015-12-09,276
277,Stephen,Weaver,sweaver7o@un.org,BZ,2015-12-01,2015-12-18,277
278,Mildred,Adams,madams7p@epa.gov,CN,2015-12-02,2015-12-30,278
279,Ryan,Pierce,rpierce7q@aol.com,ES,2015-12-01,2015-12-14,279
280,Todd,Mills,tmills7r@networksolutions.com,PL,2015-12-05,2015-12-09,280
281,Mary,Jackson,mjackson7s@shutterfly.com,GR,2015-12-03,2015-12-24,281
282,George,Evans,gevans7t@biglobe.ne.jp,ID,2015-12-06,2015-12-18,282
283,Marilyn,Wood,mwood7u@house.gov,CN,2015-12-03,2015-12-24,283
284,Gerald,Garrett,ggarrett7v@archive.org,CN,2015-12-05,2015-12-13,284
285,Steve,Bradley,sbradley7w@examiner.com,GB,2015-12-02,2015-12-09,285
286,Terry,Hall,thall7x@parallels.com,GR,2015-12-02,2015-12-20,286
287,Tina,Harris,tharris7y@bigcartel.com,AL,2015-12-01,2015-12-26,287
288,Jonathan,Mason,jmason7z@arstechnica.com,CN,2015-12-06,2015-12-24,288
289,Catherine,Howard,choward80@latimes.com,GE,2015-12-06,2015-12-18,289
290,Lawrence,Morales,lmorales81@miibeian.gov.cn,PH,2015-12-05,2015-12-30,290
291,Bonnie,Freeman,bfreeman82@epa.gov,CN,2015-12-02,2015-12-24,291
292,Arthur,Watkins,awatkins83@amazon.de,GT,2015-12-03,2015-12-18,292
293,Gary,Gray,ggray84@discuz.net,ID,2015-12-02,2015-12-13,293
294,Sean,Lopez,slopez85@globo.com,AZ,2015-12-06,2015-12-24,294
295,Randy,Howell,rhowell86@deliciousdays.com,IR,2015-12-01,2015-12-15,295
296,Alice,Gonzalez,agonzalez87@msn.com,AL,2015-12-05,2015-12-29,296
297,Scott,Morris,smorris88@fda.gov,CN,2015-12-04,2015-12-27,297
298,Heather,Henry,hhenry89@livejournal.com,FI,2015-12-04,2015-12-21,298
299,Sarah,Nichols,snichols8a@photobucket.com,CN,2015-12-05,2015-12-13,299
300,Bonnie,Burke,bburke8b@mlb.com,HN,2015-12-06,2015-12-25,300
301,Tina,Armstrong,tarmstrong8c@nbcnews.com,UA,2015-12-04,2015-12-19,301
302,Susan,Gonzales,sgonzales8d@psu.edu,AR,2015-12-04,2015-12-12,302
303,Gary,Rodriguez,grodriguez8e@bloglines.com,PH,2015-12-02,2015-12-22,303
304,Steve,Perkins,sperkins8f@yelp.com,LY,2015-12-01,2015-12-23,304
305,Annie,Campbell,acampbell8g@hubpages.com,BR,2015-12-02,2015-12-18,305
306,Doris,Griffin,dgriffin8h@yolasite.com,PL,2015-12-06,2015-12-25,306
307,Nicole,Morales,nmorales8i@statcounter.com,AT,2015-12-05,2015-12-30,307
308,Cynthia,Little,clittle8j@engadget.com,UG,2015-12-02,2015-12-10,308
309,Joseph,Washington,jwashington8k@jiathis.com,AR,2015-12-05,2015-12-17,309
310,Doris,Wheeler,dwheeler8l@bandcamp.com,BR,2015-12-06,2015-12-21,310
311,Phillip,Dixon,pdixon8m@newyorker.com,JP,2015-12-05,2015-12-11,311
312,Stephen,Watkins,swatkins8n@springer.com,CN,2015-12-04,2015-12-21,312
313,Martha,Ray,mray8o@mapy.cz,PL,2015-12-03,2015-12-10,313
314,Martha,Porter,mporter8p@godaddy.com,LK,2015-12-03,2015-12-19,314
315,Todd,Wright,twright8q@biblegateway.com,BG,2015-12-04,2015-12-25,315
316,Shirley,Jones,sjones8r@ebay.co.uk,RU,2015-12-04,2015-12-11,316
317,Gerald,Hudson,ghudson8s@clickbank.net,PK,2015-12-01,2015-12-25,317
318,Jesse,Anderson,janderson8t@mapquest.com,PH,2015-12-01,2015-12-09,318
319,Deborah,Morales,dmorales8u@fotki.com,RU,2015-12-04,2015-12-11,319
320,Keith,Wells,kwells8v@vk.com,BR,2015-12-01,2015-12-21,320
321,Jessica,Morris,jmorris8w@ucoz.com,RU,2015-12-06,2015-12-12,321
322,Alice,Hunter,ahunter8x@unesco.org,ID,2015-12-05,2015-12-10,322
323,Diana,Sims,dsims8y@godaddy.com,RU,2015-12-03,2015-12-12,323
324,Jacqueline,Payne,jpayne8z@baidu.com,PT,2015-12-02,2015-12-25,324
325,Ernest,Hall,ehall90@usda.gov,PH,2015-12-04,2015-12-21,325
326,Thomas,Elliott,telliott91@nationalgeographic.com,SV,2015-12-02,2015-12-19,326
327,Frances,Ruiz,fruiz92@hc360.com,PH,2015-12-02,2015-12-21,327
328,Cheryl,Ford,cford93@tumblr.com,CN,2015-12-05,2015-12-13,328
329,Paula,Wood,pwood94@adobe.com,UA,2015-12-01,2015-12-26,329
330,Jennifer,Lynch,jlynch95@ebay.com,CN,2015-12-01,2015-12-09,330
331,Evelyn,Jordan,ejordan96@geocities.com,ID,2015-12-02,2015-12-17,331
332,Christine,Bowman,cbowman97@dion.ne.jp,JP,2015-12-06,2015-12-28,332
333,Marilyn,Reid,mreid98@bloglines.com,JP,2015-12-05,2015-12-22,333
334,Joan,Green,jgreen99@usa.gov,ID,2015-12-01,2015-12-15,334
335,Stephanie,Bennett,sbennett9a@buzzfeed.com,MN,2015-12-04,2015-12-15,335
336,Nicole,Smith,nsmith9b@jimdo.com,FR,2015-12-02,2015-12-29,336
337,Ruth,Edwards,redwards9c@discovery.com,AE,2015-12-01,2015-12-29,337
338,Diane,Lynch,dlynch9d@cnbc.com,KE,2015-12-02,2015-12-19,338
339,Todd,Ramirez,tramirez9e@freewebs.com,BR,2015-12-03,2015-12-13,339
340,Ronald,Welch,rwelch9f@npr.org,GH,2015-12-01,2015-12-15,340
341,David,Wright,dwright9g@illinois.edu,SE,2015-12-06,2015-12-09,341
342,Evelyn,Powell,epowell9h@angelfire.com,BR,2015-12-01,2015-12-27,342
343,Alan,Ferguson,aferguson9i@fda.gov,CN,2015-12-06,2015-12-09,343
344,Teresa,Sullivan,tsullivan9j@ebay.com,BY,2015-12-04,2015-12-24,344
345,James,Harris,jharris9k@homestead.com,ID,2015-12-05,2015-12-19,345
346,Carolyn,Kennedy,ckennedy9l@mac.com,NI,2015-12-02,2015-12-27,346
347,Heather,Gilbert,hgilbert9m@nbcnews.com,CN,2015-12-06,2015-12-25,347
348,Debra,Roberts,droberts9n@foxnews.com,PT,2015-12-06,2015-12-12,348
349,Steve,Reed,sreed9o@behance.net,PT,2015-12-03,2015-12-22,349
350,Victor,Mitchell,vmitchell9p@artisteer.com,UA,2015-12-02,2015-12-24,350
351,Joshua,Ramirez,jramirez9q@sun.com,ID,2015-12-02,2015-12-14,351
352,Angela,Bailey,abailey9r@example.com,CN,2015-12-02,2015-12-26,352
353,John,Campbell,jcampbell9s@people.com.cn,CO,2015-12-01,2015-12-16,353
354,Benjamin,Reynolds,breynolds9t@vinaora.com,CI,2015-12-05,2015-12-12,354
355,Bruce,Hayes,bhayes9u@prweb.com,RU,2015-12-03,2015-12-28,355
356,Theresa,Ortiz,tortiz9v@biblegateway.com,ID,2015-12-04,2015-12-12,356
357,Michael,Freeman,mfreeman9w@un.org,FR,2015-12-01,2015-12-13,357
358,Paula,Thompson,pthompson9x@geocities.com,IT,2015-12-05,2015-12-28,358
359,William,Montgomery,wmontgomery9y@trellian.com,GR,2015-12-04,2015-12-11,359
360,Jesse,Harris,jharris9z@google.ca,FI,2015-12-05,2015-12-29,360
361,Harry,Miller,hmillera0@baidu.com,CN,2015-12-05,2015-12-09,361
362,Julia,Henry,jhenrya1@youtu.be,CN,2015-12-03,2015-12-19,362
363,Fred,Johnston,fjohnstona2@wix.com,FR,2015-12-04,2015-12-11,363
364,Jane,Murray,jmurraya3@businessinsider.com,CN,2015-12-02,2015-12-29,364
365,Sandra,Davis,sdavisa4@themeforest.net,UA,2015-12-06,2015-12-18,365
366,Judith,Cox,jcoxa5@sciencedaily.com,ID,2015-12-01,2015-12-13,366
367,Angela,Duncan,aduncana6@eventbrite.com,CN,2015-12-04,2015-12-19,367
368,Kathleen,Greene,kgreenea7@msn.com,MY,2015-12-02,2015-12-19,368
369,Louise,Allen,lallena8@vkontakte.ru,ID,2015-12-01,2015-12-25,369
370,Annie,Myers,amyersa9@icio.us,BR,2015-12-05,2015-12-18,370
371,Roy,Hicks,rhicksaa@go.com,PT,2015-12-02,2015-12-13,371
372,Evelyn,Wells,ewellsab@t-online.de,PA,2015-12-06,2015-12-27,372
373,Beverly,Morrison,bmorrisonac@tuttocitta.it,US,2015-12-02,2015-12-11,373
374,Christina,Jacobs,cjacobsad@skype.com,HN,2015-12-02,2015-12-14,374
375,Jennifer,Ellis,jellisae@disqus.com,VE,2015-12-04,2015-12-17,375
376,Annie,Welch,awelchaf@ucla.edu,RS,2015-12-05,2015-12-18,376
377,Gloria,Bailey,gbaileyag@taobao.com,PH,2015-12-01,2015-12-09,377
378,Martha,Ferguson,mfergusonah@com.com,RU,2015-12-02,2015-12-12,378
379,Doris,Perez,dperezai@i2i.jp,VN,2015-12-01,2015-12-12,379
380,Melissa,Austin,maustinaj@china.com.cn,US,2015-12-05,2015-12-14,380
381,Carl,Nichols,cnicholsak@ovh.net,ID,2015-12-04,2015-12-30,381
382,Dorothy,Greene,dgreeneal@reuters.com,ID,2015-12-05,2015-12-17,382
383,Doris,Barnes,dbarnesam@spotify.com,CN,2015-12-03,2015-12-27,383
384,Ernest,Cox,ecoxan@freewebs.com,BR,2015-12-01,2015-12-18,384
385,Ann,Reyes,areyesao@wix.com,CN,2015-12-04,2015-12-30,385
386,Rachel,Freeman,rfreemanap@mediafire.com,CN,2015-12-06,2015-12-24,386
387,Harold,Anderson,handersonaq@cdc.gov,MX,2015-12-01,2015-12-11,387
388,Dorothy,Burke,dburkear@ed.gov,PH,2015-12-03,2015-12-09,388
389,Katherine,Young,kyoungas@myspace.com,NO,2015-12-02,2015-12-27,389
390,Kimberly,Gomez,kgomezat@miitbeian.gov.cn,BR,2015-12-01,2015-12-20,390
391,Sara,Barnes,sbarnesau@jalbum.net,PT,2015-12-05,2015-12-21,391
392,Antonio,Smith,asmithav@washington.edu,ME,2015-12-04,2015-12-16,392
393,Alice,Carroll,acarrollaw@nationalgeographic.com,ID,2015-12-06,2015-12-23,393
394,Jane,Arnold,jarnoldax@state.gov,HR,2015-12-05,2015-12-14,394
395,Adam,Weaver,aweaveray@patch.com,PY,2015-12-06,2015-12-24,395
396,Janice,Stanley,jstanleyaz@opensource.org,MX,2015-12-01,2015-12-28,396
397,Ashley,Williams,awilliamsb0@census.gov,NG,2015-12-06,2015-12-25,397
398,Roy,Carr,rcarrb1@ucla.edu,CY,2015-12-05,2015-12-20,398
399,Paula,Hunt,phuntb2@time.com,ID,2015-12-06,2015-12-24,399
400,Amy,Alexander,aalexanderb3@unicef.org,CN,2015-12-03,2015-12-13,400
401,Charles,Gordon,cgordonb4@ow.ly,SE,2015-12-04,2015-12-28,401
402,Laura,Shaw,lshawb5@typepad.com,CN,2015-12-04,2015-12-21,402
403,Jerry,Hayes,jhayesb6@nhs.uk,PH,2015-12-01,2015-12-23,403
404,Brenda,Fernandez,bfernandezb7@bluehost.com,FR,2015-12-01,2015-12-25,404
405,Andrea,Cole,acoleb8@vkontakte.ru,PE,2015-12-01,2015-12-19,405
406,Jerry,Sullivan,jsullivanb9@bloomberg.com,FO,2015-12-06,2015-12-23,406
407,Dorothy,Rose,droseba@theatlantic.com,PT,2015-12-02,2015-12-18,407
408,Louis,Warren,lwarrenbb@delicious.com,CZ,2015-12-01,2015-12-18,408
409,Samuel,Wallace,swallacebc@flavors.me,AR,2015-12-06,2015-12-21,409
410,Stephen,Cunningham,scunninghambd@diigo.com,UG,2015-12-02,2015-12-09,410
411,Jack,Carpenter,jcarpenterbe@blogspot.com,GM,2015-12-06,2015-12-15,411
412,Charles,Elliott,celliottbf@sun.com,KH,2015-12-02,2015-12-27,412
413,James,Daniels,jdanielsbg@statcounter.com,SE,2015-12-04,2015-12-10,413
414,Judith,Lawson,jlawsonbh@sohu.com,RU,2015-12-02,2015-12-16,414
415,Judy,Perkins,jperkinsbi@last.fm,CN,2015-12-03,2015-12-29,415
416,Rachel,Mccoy,rmccoybj@cdc.gov,ID,2015-12-02,2015-12-20,416
417,Sharon,Black,sblackbk@constantcontact.com,CN,2015-12-03,2015-12-16,417
418,Gregory,Willis,gwillisbl@accuweather.com,UG,2015-12-04,2015-12-11,418
419,Alan,Stewart,astewartbm@google.co.jp,CN,2015-12-06,2015-12-22,419
420,Kathryn,Reynolds,kreynoldsbn@umn.edu,PL,2015-12-06,2015-12-29,420
421,Phyllis,Hart,phartbo@nyu.edu,CN,2015-12-01,2015-12-27,421
422,Victor,Hart,vhartbp@webnode.com,US,2015-12-05,2015-12-30,422
423,Brian,White,bwhitebq@goodreads.com,PH,2015-12-05,2015-12-14,423
424,Kenneth,Stanley,kstanleybr@squidoo.com,PT,2015-12-01,2015-12-22,424
425,Judith,Black,jblackbs@fda.gov,CN,2015-12-03,2015-12-26,425
426,Timothy,Riley,trileybt@omniture.com,CA,2015-12-03,2015-12-15,426
427,Justin,Smith,jsmithbu@1und1.de,MY,2015-12-04,2015-12-16,427
428,Jane,Stone,jstonebv@addtoany.com,PE,2015-12-05,2015-12-11,428
429,Thomas,Burton,tburtonbw@rambler.ru,MK,2015-12-02,2015-12-09,429
430,Wayne,Fisher,wfisherbx@rambler.ru,PL,2015-12-05,2015-12-24,430
431,Kathryn,Stevens,kstevensby@youtu.be,RU,2015-12-06,2015-12-21,431
432,Ashley,Hawkins,ahawkinsbz@ftc.gov,IE,2015-12-03,2015-12-09,432
433,Carolyn,Mccoy,cmccoyc0@goodreads.com,CZ,2015-12-02,2015-12-09,433
434,Jane,Ruiz,jruizc1@merriam-webster.com,PH,2015-12-01,2015-12-14,434
435,Clarence,Kelley,ckelleyc2@dmoz.org,CN,2015-12-05,2015-12-28,435
436,Alan,Day,adayc3@timesonline.co.uk,NL,2015-12-06,2015-12-12,436
437,Aaron,Moore,amoorec4@delicious.com,ID,2015-12-03,2015-12-21,437
438,Alan,Evans,aevansc5@wikipedia.org,TH,2015-12-03,2015-12-29,438
439,Diana,Hansen,dhansenc6@mapy.cz,ID,2015-12-03,2015-12-22,439
440,Kelly,Harvey,kharveyc7@edublogs.org,CN,2015-12-01,2015-12-19,440
441,Kevin,Hamilton,khamiltonc8@google.de,TW,2015-12-04,2015-12-11,441
442,Emily,Gutierrez,egutierrezc9@sphinn.com,FR,2015-12-01,2015-12-24,442
443,Benjamin,Wells,bwellsca@delicious.com,CN,2015-12-02,2015-12-15,443
444,Kimberly,Edwards,kedwardscb@nsw.gov.au,PE,2015-12-06,2015-12-26,444
445,Amy,Romero,aromerocc@wikipedia.org,MX,2015-12-06,2015-12-22,445
446,Nancy,George,ngeorgecd@altervista.org,PH,2015-12-04,2015-12-21,446
447,Justin,Watkins,jwatkinsce@jugem.jp,AR,2015-12-04,2015-12-29,447
448,Andrea,Cruz,acruzcf@slashdot.org,CN,2015-12-04,2015-12-30,448
449,Tina,Collins,tcollinscg@thetimes.co.uk,VE,2015-12-05,2015-12-25,449
450,Linda,Dunn,ldunnch@newyorker.com,CZ,2015-12-02,2015-12-27,450
451,Thomas,Olson,tolsonci@phpbb.com,FR,2015-12-05,2015-12-18,451
452,Robin,Burns,rburnscj@mlb.com,GN,2015-12-06,2015-12-13,452
453,Ronald,Powell,rpowellck@friendfeed.com,AR,2015-12-01,2015-12-16,453
454,Helen,Hamilton,hhamiltoncl@vimeo.com,CN,2015-12-01,2015-12-26,454
455,Elizabeth,Gardner,egardnercm@admin.ch,GT,2015-12-02,2015-12-16,455
456,Phyllis,Young,pyoungcn@sfgate.com,CZ,2015-12-01,2015-12-09,456
457,Carolyn,King,ckingco@cyberchimps.com,BR,2015-12-05,2015-12-24,457
458,Edward,Andrews,eandrewscp@deviantart.com,CN,2015-12-06,2015-12-30,458
459,Johnny,Sullivan,jsullivancq@cocolog-nifty.com,ID,2015-12-03,2015-12-25,459
460,Jesse,Taylor,jtaylorcr@twitpic.com,CA,2015-12-06,2015-12-18,460
461,Angela,Griffin,agriffincs@ucoz.ru,KE,2015-12-03,2015-12-21,461
462,Brandon,Harris,bharrisct@trellian.com,SE,2015-12-05,2015-12-24,462
463,Matthew,Ruiz,mruizcu@reverbnation.com,MA,2015-12-04,2015-12-11,463
464,Raymond,Carr,rcarrcv@nymag.com,CN,2015-12-06,2015-12-21,464
465,Bonnie,Williamson,bwilliamsoncw@nih.gov,PT,2015-12-06,2015-12-23,465
466,Samuel,King,skingcx@facebook.com,RU,2015-12-02,2015-12-26,466
467,Catherine,Alexander,calexandercy@hubpages.com,TN,2015-12-04,2015-12-22,467
468,Ernest,Rogers,erogerscz@over-blog.com,CN,2015-12-01,2015-12-24,468
469,Kelly,Reed,kreedd0@hao123.com,FR,2015-12-06,2015-12-09,469
470,Steven,Moore,smoored1@sun.com,ZA,2015-12-04,2015-12-13,470
471,Jennifer,Robertson,jrobertsond2@flavors.me,PH,2015-12-05,2015-12-24,471
472,Scott,Marshall,smarshalld3@yolasite.com,JP,2015-12-01,2015-12-14,472
473,Carol,Smith,csmithd4@hhs.gov,YE,2015-12-03,2015-12-28,473
474,Jennifer,Taylor,jtaylord5@soundcloud.com,BY,2015-12-01,2015-12-23,474
475,Carlos,Frazier,cfrazierd6@acquirethisname.com,CN,2015-12-02,2015-12-10,475
476,Stephen,Hicks,shicksd7@upenn.edu,ID,2015-12-06,2015-12-23,476
477,Diane,Wright,dwrightd8@example.com,BR,2015-12-05,2015-12-27,477
478,Gerald,Stewart,gstewartd9@dell.com,CN,2015-12-04,2015-12-15,478
479,Craig,Warren,cwarrenda@ocn.ne.jp,PE,2015-12-04,2015-12-23,479
480,Frances,Rice,fricedb@sina.com.cn,CN,2015-12-02,2015-12-15,480
481,Martha,Chapman,mchapmandc@nyu.edu,ID,2015-12-02,2015-12-29,481
482,Lisa,Perkins,lperkinsdd@t.co,BY,2015-12-01,2015-12-18,482
483,Betty,Harper,bharperde@privacy.gov.au,YE,2015-12-03,2015-12-14,483
484,Phyllis,Wheeler,pwheelerdf@wisc.edu,ID,2015-12-02,2015-12-11,484
485,Ryan,Edwards,redwardsdg@tamu.edu,CA,2015-12-03,2015-12-14,485
486,Donald,Webb,dwebbdh@amazon.com,SE,2015-12-03,2015-12-21,486
487,Ralph,Garcia,rgarciadi@nytimes.com,PK,2015-12-01,2015-12-29,487
488,Justin,Grant,jgrantdj@uol.com.br,ID,2015-12-05,2015-12-25,488
489,Adam,Mccoy,amccoydk@dailymail.co.uk,ID,2015-12-04,2015-12-16,489
490,Harold,Williams,hwilliamsdl@pbs.org,HR,2015-12-04,2015-12-15,490
491,Evelyn,Gilbert,egilbertdm@youtu.be,PL,2015-12-02,2015-12-12,491
492,Lori,Chavez,lchavezdn@list-manage.com,ID,2015-12-06,2015-12-29,492
493,Edward,George,egeorgedo@usnews.com,GT,2015-12-05,2015-12-20,493
494,Sarah,Mason,smasondp@g.co,PE,2015-12-04,2015-12-26,494
495,Johnny,Lawrence,jlawrencedq@un.org,NL,2015-12-06,2015-12-21,495
496,Andrew,Dean,adeandr@discovery.com,PH,2015-12-02,2015-12-30,496
497,Ralph,Carr,rcarrds@about.me,SE,2015-12-03,2015-12-12,497
498,Maria,Wright,mwrightdt@ebay.co.uk,IT,2015-12-05,2015-12-21,498
499,Jennifer,Jacobs,jjacobsdu@umn.edu,CN,2015-12-05,2015-12-12,499
500,Brenda,Taylor,btaylordv@weebly.com,ID,2015-12-04,2015-12-25,500
501,Dorothy,Oliver,doliverdw@imdb.com,ID,2015-12-06,2015-12-19,501
502,Andrea,Mills,amillsdx@marketwatch.com,MX,2015-12-03,2015-12-18,502
503,Stephanie,Graham,sgrahamdy@hibu.com,PT,2015-12-06,2015-12-11,503
504,Ernest,Coleman,ecolemandz@aol.com,VU,2015-12-06,2015-12-21,504
505,Jeremy,Stone,jstonee0@acquirethisname.com,ID,2015-12-03,2015-12-25,505
506,Arthur,Bradley,abradleye1@drupal.org,PT,2015-12-06,2015-12-09,506
507,Lillian,Rodriguez,lrodrigueze2@stanford.edu,VE,2015-12-04,2015-12-14,507
508,Edward,Hansen,ehansene3@tripadvisor.com,CN,2015-12-06,2015-12-23,508
509,Rebecca,Bryant,rbryante4@wired.com,FR,2015-12-05,2015-12-13,509
510,Kimberly,Henderson,khendersone5@ow.ly,PE,2015-12-01,2015-12-12,510
511,Victor,Bowman,vbowmane6@wordpress.com,AL,2015-12-03,2015-12-27,511
512,Catherine,Howell,chowelle7@soundcloud.com,PH,2015-12-01,2015-12-12,512
513,Judith,Alvarez,jalvareze8@symantec.com,SE,2015-12-02,2015-12-29,513
514,Bonnie,Harper,bharpere9@blog.com,ID,2015-12-02,2015-12-28,514
515,Christopher,Cook,ccookea@netlog.com,CN,2015-12-04,2015-12-13,515
516,Philip,Cole,pcoleeb@etsy.com,SE,2015-12-03,2015-12-21,516
517,Howard,Dean,hdeanec@cdc.gov,CN,2015-12-04,2015-12-14,517
518,Heather,Smith,hsmithed@g.co,ID,2015-12-05,2015-12-11,518
519,Howard,Schmidt,hschmidtee@auda.org.au,RU,2015-12-02,2015-12-13,519
520,Michael,Robinson,mrobinsonef@example.com,CN,2015-12-05,2015-12-13,520
521,Donna,Powell,dpowelleg@geocities.com,RU,2015-12-05,2015-12-13,521
522,Paula,Nelson,pnelsoneh@rediff.com,NL,2015-12-06,2015-12-25,522
523,Angela,Morales,amoralesei@imgur.com,CN,2015-12-01,2015-12-11,523
524,Julia,Moore,jmooreej@squidoo.com,SE,2015-12-04,2015-12-22,524
525,Elizabeth,Bennett,ebennettek@skyrock.com,ID,2015-12-05,2015-12-10,525
526,Lisa,Thompson,lthompsonel@berkeley.edu,PH,2015-12-01,2015-12-09,526
527,Harold,Marshall,hmarshallem@ebay.com,ID,2015-12-06,2015-12-13,527
528,Deborah,Arnold,darnolden@earthlink.net,PA,2015-12-04,2015-12-15,528
529,Sarah,Bradley,sbradleyeo@about.me,BR,2015-12-01,2015-12-12,529
530,Norma,Perez,nperezep@purevolume.com,PL,2015-12-02,2015-12-19,530
531,Teresa,Bryant,tbryanteq@ft.com,MA,2015-12-05,2015-12-18,531
532,Ruby,Sanchez,rsanchezer@umn.edu,SE,2015-12-01,2015-12-15,532
533,Wayne,Hall,whalles@businessinsider.com,PT,2015-12-02,2015-12-25,533
534,Brenda,Russell,brussellet@jimdo.com,CN,2015-12-04,2015-12-15,534
535,Dennis,Harris,dharriseu@elpais.com,GR,2015-12-05,2015-12-21,535
536,Jerry,Porter,jporterev@amazonaws.com,RU,2015-12-04,2015-12-30,536
537,Willie,Henry,whenryew@npr.org,PT,2015-12-04,2015-12-18,537
538,Carlos,Powell,cpowellex@e-recht24.de,EE,2015-12-02,2015-12-26,538
539,Robin,Shaw,rshawey@blogger.com,RU,2015-12-02,2015-12-17,539
540,Donna,Hernandez,dhernandezez@g.co,BY,2015-12-05,2015-12-12,540
541,Patrick,Webb,pwebbf0@ucoz.ru,RU,2015-12-03,2015-12-14,541
542,Jimmy,Harper,jharperf1@mapy.cz,CR,2015-12-04,2015-12-24,542
543,Patrick,Hunter,phunterf2@storify.com,PL,2015-12-03,2015-12-17,543
544,Christine,Stone,cstonef3@cnet.com,JP,2015-12-05,2015-12-29,544
545,Fred,Medina,fmedinaf4@networkadvertising.org,CZ,2015-12-02,2015-12-09,545
546,Phyllis,Stanley,pstanleyf5@booking.com,BR,2015-12-05,2015-12-22,546
547,Dennis,Bradley,dbradleyf6@house.gov,UA,2015-12-05,2015-12-23,547
548,Scott,Hudson,shudsonf7@abc.net.au,PH,2015-12-02,2015-12-15,548
549,Kimberly,Riley,krileyf8@jimdo.com,BR,2015-12-02,2015-12-27,549
550,Diane,James,djamesf9@diigo.com,CN,2015-12-04,2015-12-11,550
551,John,Sanders,jsandersfa@who.int,AF,2015-12-01,2015-12-21,551
552,Michael,Harvey,mharveyfb@alibaba.com,PE,2015-12-03,2015-12-20,552
553,Brandon,Armstrong,barmstrongfc@1und1.de,AR,2015-12-03,2015-12-12,553
554,Sandra,Henry,shenryfd@arizona.edu,JP,2015-12-02,2015-12-20,554
555,Robin,Owens,rowensfe@amazon.co.jp,CO,2015-12-02,2015-12-11,555
556,Joseph,Perry,jperryff@livejournal.com,CN,2015-12-05,2015-12-11,556
557,Tina,Coleman,tcolemanfg@ovh.net,BA,2015-12-05,2015-12-19,557
558,Judith,Day,jdayfh@house.gov,BR,2015-12-03,2015-12-22,558
559,Andrea,Griffin,agriffinfi@google.es,AF,2015-12-05,2015-12-09,559
560,Marie,Fisher,mfisherfj@tiny.cc,MX,2015-12-02,2015-12-12,560
561,Pamela,Matthews,pmatthewsfk@xinhuanet.com,TH,2015-12-05,2015-12-10,561
562,Anne,Chavez,achavezfl@gmpg.org,BG,2015-12-06,2015-12-16,562
563,Matthew,Fields,mfieldsfm@addthis.com,PS,2015-12-02,2015-12-26,563
564,Evelyn,Cook,ecookfn@skype.com,ID,2015-12-02,2015-12-29,564
565,Chris,Gilbert,cgilbertfo@constantcontact.com,UA,2015-12-03,2015-12-20,565
566,Donna,Alvarez,dalvarezfp@answers.com,RU,2015-12-02,2015-12-30,566
567,Jessica,Anderson,jandersonfq@wix.com,PE,2015-12-06,2015-12-16,567
568,Louis,Harrison,lharrisonfr@comcast.net,FR,2015-12-05,2015-12-29,568
569,Philip,Porter,pporterfs@msu.edu,ID,2015-12-01,2015-12-19,569
570,Lori,Wood,lwoodft@cdc.gov,JP,2015-12-04,2015-12-12,570
571,Wayne,Greene,wgreenefu@usnews.com,HN,2015-12-06,2015-12-12,571
572,Kathleen,Roberts,krobertsfv@boston.com,CN,2015-12-05,2015-12-12,572
573,Katherine,West,kwestfw@360.cn,ID,2015-12-04,2015-12-19,573
574,Larry,Ellis,lellisfx@loc.gov,TH,2015-12-03,2015-12-24,574
575,Diana,Walker,dwalkerfy@bigcartel.com,TH,2015-12-04,2015-12-21,575
576,Judith,Tucker,jtuckerfz@springer.com,PT,2015-12-03,2015-12-29,576
577,Carlos,Fuller,cfullerg0@odnoklassniki.ru,AL,2015-12-05,2015-12-11,577
578,Billy,West,bwestg1@macromedia.com,ID,2015-12-04,2015-12-24,578
579,Heather,Austin,hausting2@google.com,CA,2015-12-05,2015-12-18,579
580,Brian,Cruz,bcruzg3@cbsnews.com,RU,2015-12-05,2015-12-21,580
581,Tina,Stewart,tstewartg4@sakura.ne.jp,CA,2015-12-05,2015-12-11,581
582,Bruce,Johnson,bjohnsong5@alibaba.com,ID,2015-12-02,2015-12-14,582
583,Robert,Rogers,rrogersg6@nydailynews.com,BR,2015-12-02,2015-12-11,583
584,Barbara,Robinson,brobinsong7@ca.gov,SE,2015-12-01,2015-12-30,584
585,Katherine,Olson,kolsong8@economist.com,PA,2015-12-02,2015-12-18,585
586,Kevin,Perez,kperezg9@mail.ru,CA,2015-12-05,2015-12-14,586
587,Ruth,Hansen,rhansenga@si.edu,NL,2015-12-02,2015-12-20,587
588,Patrick,West,pwestgb@parallels.com,JP,2015-12-03,2015-12-23,588
589,Patrick,Cook,pcookgc@nydailynews.com,US,2015-12-05,2015-12-24,589
590,Christina,Mason,cmasongd@google.com,PT,2015-12-05,2015-12-15,590
591,Stephanie,Fernandez,sfernandezge@biglobe.ne.jp,PH,2015-12-04,2015-12-23,591
592,Bobby,Griffin,bgriffingf@cdbaby.com,KR,2015-12-05,2015-12-11,592
593,Diana,Kennedy,dkennedygg@diigo.com,PH,2015-12-04,2015-12-12,593
594,Chris,Washington,cwashingtongh@barnesandnoble.com,MX,2015-12-02,2015-12-20,594
595,Elizabeth,Cunningham,ecunninghamgi@cam.ac.uk,RU,2015-12-06,2015-12-10,595
596,Brandon,Daniels,bdanielsgj@nba.com,NP,2015-12-04,2015-12-15,596
597,Mildred,Gonzalez,mgonzalezgk@acquirethisname.com,CN,2015-12-05,2015-12-25,597
598,Willie,Montgomery,wmontgomerygl@illinois.edu,US,2015-12-04,2015-12-26,598
599,Patrick,Hunt,phuntgm@cpanel.net,CN,2015-12-02,2015-12-13,599
600,Lois,Harrison,lharrisongn@redcross.org,FR,2015-12-06,2015-12-17,600
601,Ruby,Perez,rperezgo@t-online.de,BR,2015-12-05,2015-12-20,601
602,Roger,Wright,rwrightgp@dailymail.co.uk,JP,2015-12-02,2015-12-11,602
603,Louis,Ray,lraygq@hexun.com,AL,2015-12-01,2015-12-21,603
604,Amy,Russell,arussellgr@linkedin.com,MX,2015-12-05,2015-12-12,604
605,Billy,Austin,baustings@bandcamp.com,FR,2015-12-02,2015-12-10,605
606,Joyce,Kim,jkimgt@cargocollective.com,US,2015-12-06,2015-12-22,606
607,Phillip,Alexander,palexandergu@facebook.com,RU,2015-12-03,2015-12-25,607
608,Joshua,Mills,jmillsgv@usnews.com,CN,2015-12-03,2015-12-18,608
609,Sean,Campbell,scampbellgw@yelp.com,ID,2015-12-04,2015-12-10,609
610,Justin,Black,jblackgx@google.it,DK,2015-12-05,2015-12-21,610
611,Gerald,Gonzalez,ggonzalezgy@statcounter.com,CN,2015-12-05,2015-12-11,611
612,Sarah,Duncan,sduncangz@yahoo.co.jp,ID,2015-12-01,2015-12-27,612
613,Evelyn,Hayes,ehayesh0@usnews.com,CA,2015-12-04,2015-12-30,613
614,Laura,Burns,lburnsh1@cafepress.com,CN,2015-12-01,2015-12-26,614
615,Diane,Richards,drichardsh2@topsy.com,MN,2015-12-03,2015-12-13,615
616,Helen,Berry,hberryh3@fema.gov,PL,2015-12-05,2015-12-14,616
617,Lawrence,Watson,lwatsonh4@abc.net.au,CN,2015-12-01,2015-12-10,617
618,Philip,Williams,pwilliamsh5@epa.gov,SV,2015-12-01,2015-12-27,618
619,Martin,Mason,mmasonh6@tamu.edu,BA,2015-12-02,2015-12-29,619
620,Theresa,Rice,triceh7@weather.com,PH,2015-12-02,2015-12-16,620
621,Tina,Greene,tgreeneh8@illinois.edu,CN,2015-12-02,2015-12-14,621
622,Sean,Murray,smurrayh9@miibeian.gov.cn,CZ,2015-12-05,2015-12-23,622
623,Elizabeth,Knight,eknightha@theguardian.com,ID,2015-12-03,2015-12-11,623
624,Craig,Ross,crosshb@hao123.com,ID,2015-12-06,2015-12-13,624
625,Patrick,Greene,pgreenehc@cdbaby.com,FR,2015-12-04,2015-12-19,625
626,Marie,Rodriguez,mrodriguezhd@businessinsider.com,AZ,2015-12-01,2015-12-29,626
627,Jonathan,Gilbert,jgilberthe@springer.com,AR,2015-12-01,2015-12-11,627
628,Walter,White,wwhitehf@163.com,CN,2015-12-03,2015-12-29,628
629,Ruth,Knight,rknighthg@opensource.org,ID,2015-12-05,2015-12-11,629
630,Mary,Hayes,mhayeshh@acquirethisname.com,PL,2015-12-04,2015-12-25,630
631,Melissa,Holmes,mholmeshi@t.co,CM,2015-12-02,2015-12-18,631
632,Peter,Cole,pcolehj@alexa.com,VN,2015-12-04,2015-12-22,632
633,Jean,Bowman,jbowmanhk@marketwatch.com,CN,2015-12-03,2015-12-30,633
634,Ruby,Gordon,rgordonhl@telegraph.co.uk,ID,2015-12-01,2015-12-14,634
635,Andrea,Carter,acarterhm@chron.com,CO,2015-12-02,2015-12-15,635
636,Linda,Carroll,lcarrollhn@boston.com,ZM,2015-12-01,2015-12-25,636
637,Joshua,Marshall,jmarshallho@amazon.de,CN,2015-12-02,2015-12-16,637
638,Jeffrey,Fox,jfoxhp@odnoklassniki.ru,ID,2015-12-02,2015-12-14,638
639,Chris,Andrews,candrewshq@hugedomains.com,CN,2015-12-02,2015-12-28,639
640,Andrea,Bennett,abennetthr@goo.ne.jp,PH,2015-12-01,2015-12-10,640
641,Victor,Mcdonald,vmcdonaldhs@dyndns.org,CO,2015-12-05,2015-12-27,641
642,Michelle,White,mwhiteht@smh.com.au,PH,2015-12-04,2015-12-26,642
643,Nancy,Washington,nwashingtonhu@admin.ch,RU,2015-12-03,2015-12-27,643
644,Shawn,Carr,scarrhv@bigcartel.com,ID,2015-12-05,2015-12-22,644
645,Lawrence,Murray,lmurrayhw@surveymonkey.com,NG,2015-12-06,2015-12-30,645
646,Judith,Harper,jharperhx@narod.ru,NI,2015-12-01,2015-12-28,646
647,Mary,Little,mlittlehy@jalbum.net,PL,2015-12-04,2015-12-22,647
648,Melissa,Murray,mmurrayhz@pcworld.com,CN,2015-12-02,2015-12-10,648
649,Bonnie,Alvarez,balvarezi0@wikimedia.org,CN,2015-12-06,2015-12-19,649
650,Jimmy,Hanson,jhansoni1@unc.edu,CN,2015-12-04,2015-12-23,650
651,Sean,Ray,srayi2@wufoo.com,NP,2015-12-01,2015-12-12,651
652,Linda,Boyd,lboydi3@imgur.com,CN,2015-12-04,2015-12-26,652
653,Marilyn,Flores,mfloresi4@si.edu,CN,2015-12-06,2015-12-27,653
654,Nicole,Hall,nhalli5@fastcompany.com,BD,2015-12-02,2015-12-15,654
655,Willie,Stevens,wstevensi6@reference.com,PE,2015-12-05,2015-12-24,655
656,Kelly,Franklin,kfranklini7@ifeng.com,CN,2015-12-04,2015-12-15,656
657,Marilyn,Andrews,mandrewsi8@friendfeed.com,PT,2015-12-03,2015-12-19,657
658,Kenneth,Ruiz,kruizi9@usa.gov,UG,2015-12-03,2015-12-27,658
659,Chris,Kelly,ckellyia@state.tx.us,RU,2015-12-02,2015-12-21,659
660,Laura,Gordon,lgordonib@scientificamerican.com,PH,2015-12-05,2015-12-19,660
661,Joe,Griffin,jgriffinic@godaddy.com,CN,2015-12-02,2015-12-19,661
662,Lawrence,Chapman,lchapmanid@amazon.co.uk,CN,2015-12-06,2015-12-30,662
663,Steven,Harvey,sharveyie@google.com.br,ID,2015-12-03,2015-12-15,663
664,Andrew,Boyd,aboydif@over-blog.com,IQ,2015-12-05,2015-12-17,664
665,Norma,Warren,nwarrenig@fema.gov,CN,2015-12-01,2015-12-28,665
666,Eugene,Long,elongih@xrea.com,RS,2015-12-02,2015-12-26,666
667,Christopher,Franklin,cfranklinii@alibaba.com,CN,2015-12-03,2015-12-29,667
668,Russell,Harris,rharrisij@marriott.com,SD,2015-12-01,2015-12-09,668
669,Rachel,Harris,rharrisik@opensource.org,KZ,2015-12-01,2015-12-12,669
670,Katherine,Burns,kburnsil@amazon.de,ID,2015-12-04,2015-12-19,670
671,Teresa,Jones,tjonesim@yandex.ru,ID,2015-12-06,2015-12-15,671
672,Julie,Phillips,jphillipsin@craigslist.org,JP,2015-12-01,2015-12-25,672
673,Gary,Powell,gpowellio@gmpg.org,RU,2015-12-01,2015-12-28,673
674,Richard,Burton,rburtonip@multiply.com,UA,2015-12-03,2015-12-29,674
675,Mildred,Diaz,mdiaziq@jugem.jp,NG,2015-12-03,2015-12-15,675
676,Terry,Rogers,trogersir@surveymonkey.com,PH,2015-12-04,2015-12-14,676
677,Larry,Harrison,lharrisonis@hugedomains.com,GR,2015-12-02,2015-12-16,677
678,Adam,Daniels,adanielsit@yellowbook.com,SY,2015-12-05,2015-12-17,678
679,Tina,Phillips,tphillipsiu@dyndns.org,CN,2015-12-04,2015-12-27,679
680,Jose,Hudson,jhudsoniv@etsy.com,RU,2015-12-06,2015-12-21,680
681,Todd,Torres,ttorresiw@typepad.com,ID,2015-12-02,2015-12-12,681
682,Peter,Mitchell,pmitchellix@patch.com,GH,2015-12-04,2015-12-21,682
683,Sean,Fowler,sfowleriy@biglobe.ne.jp,MX,2015-12-04,2015-12-15,683
684,Phillip,Foster,pfosteriz@gov.uk,BR,2015-12-04,2015-12-13,684
685,Larry,Jordan,ljordanj0@google.co.uk,CN,2015-12-05,2015-12-20,685
686,Mary,Frazier,mfrazierj1@gov.uk,JM,2015-12-02,2015-12-19,686
687,Cheryl,Porter,cporterj2@cloudflare.com,ID,2015-12-04,2015-12-19,687
688,Ashley,Knight,aknightj3@miitbeian.gov.cn,RU,2015-12-04,2015-12-18,688
689,Gerald,Wheeler,gwheelerj4@hostgator.com,SE,2015-12-01,2015-12-29,689
690,Phillip,King,pkingj5@army.mil,CN,2015-12-02,2015-12-23,690
691,Benjamin,Elliott,belliottj6@imdb.com,SB,2015-12-04,2015-12-29,691
692,Keith,Fields,kfieldsj7@github.io,CN,2015-12-05,2015-12-24,692
693,Paul,Welch,pwelchj8@abc.net.au,CN,2015-12-06,2015-12-26,693
694,Sandra,Walker,swalkerj9@gizmodo.com,ID,2015-12-04,2015-12-09,694
695,Jeffrey,Hunt,jhuntja@ibm.com,SE,2015-12-06,2015-12-24,695
696,Bobby,Graham,bgrahamjb@soundcloud.com,RU,2015-12-02,2015-12-14,696
697,Jeffrey,Reyes,jreyesjc@stumbleupon.com,PL,2015-12-03,2015-12-15,697
698,Joyce,Hunt,jhuntjd@slideshare.net,CN,2015-12-06,2015-12-21,698
699,Antonio,Green,agreenje@t.co,NG,2015-12-05,2015-12-24,699
700,Ralph,Rodriguez,rrodriguezjf@hostgator.com,CM,2015-12-04,2015-12-19,700
701,Barbara,Wells,bwellsjg@theguardian.com,NL,2015-12-04,2015-12-14,701
702,Katherine,Gomez,kgomezjh@shop-pro.jp,PL,2015-12-06,2015-12-10,702
703,Judith,Murphy,jmurphyji@vistaprint.com,YE,2015-12-05,2015-12-21,703
704,Justin,Mccoy,jmccoyjj@indiatimes.com,TH,2015-12-01,2015-12-25,704
705,Christina,Taylor,ctaylorjk@arizona.edu,US,2015-12-04,2015-12-22,705
706,Teresa,Mitchell,tmitchelljl@friendfeed.com,TH,2015-12-04,2015-12-13,706
707,Fred,Reyes,freyesjm@odnoklassniki.ru,CN,2015-12-04,2015-12-30,707
708,Matthew,Coleman,mcolemanjn@sphinn.com,ID,2015-12-06,2015-12-25,708
709,Eugene,Lewis,elewisjo@arstechnica.com,CN,2015-12-06,2015-12-29,709
710,Stephen,Payne,spaynejp@wordpress.com,MG,2015-12-01,2015-12-27,710
711,Dennis,Wagner,dwagnerjq@businesswire.com,NG,2015-12-03,2015-12-11,711
712,Roy,Gonzales,rgonzalesjr@theglobeandmail.com,ID,2015-12-04,2015-12-28,712
713,Michelle,Martin,mmartinjs@ihg.com,ZM,2015-12-02,2015-12-24,713
714,Angela,Knight,aknightjt@merriam-webster.com,CN,2015-12-06,2015-12-10,714
715,Gregory,Gray,ggrayju@cmu.edu,CN,2015-12-03,2015-12-29,715
716,Judith,Elliott,jelliottjv@nps.gov,KR,2015-12-05,2015-12-18,716
717,Robert,Jackson,rjacksonjw@lycos.com,ID,2015-12-05,2015-12-19,717
718,Joyce,Lane,jlanejx@php.net,LU,2015-12-06,2015-12-10,718
719,Matthew,Cooper,mcooperjy@gnu.org,BA,2015-12-01,2015-12-28,719
720,Donald,Bryant,dbryantjz@constantcontact.com,ID,2015-12-04,2015-12-13,720
721,Raymond,Cooper,rcooperk0@bbb.org,TH,2015-12-04,2015-12-11,721
722,Phyllis,Johnson,pjohnsonk1@google.fr,CN,2015-12-03,2015-12-23,722
723,Charles,Wagner,cwagnerk2@1und1.de,ID,2015-12-04,2015-12-27,723
724,Douglas,Cole,dcolek3@instagram.com,CO,2015-12-03,2015-12-27,724
725,Patrick,Johnston,pjohnstonk4@harvard.edu,FR,2015-12-06,2015-12-29,725
726,Robert,Howell,rhowellk5@ycombinator.com,RU,2015-12-01,2015-12-25,726
727,Jessica,Watson,jwatsonk6@mozilla.org,US,2015-12-06,2015-12-22,727
728,Michelle,Carpenter,mcarpenterk7@cyberchimps.com,PE,2015-12-05,2015-12-19,728
729,Jean,Ortiz,jortizk8@chicagotribune.com,PH,2015-12-05,2015-12-16,729
730,Marie,Romero,mromerok9@forbes.com,ID,2015-12-03,2015-12-17,730
731,Harold,Torres,htorreska@princeton.edu,CA,2015-12-06,2015-12-13,731
732,Cheryl,Hunt,chuntkb@freewebs.com,MK,2015-12-03,2015-12-27,732
733,Terry,Johnston,tjohnstonkc@usnews.com,BA,2015-12-04,2015-12-13,733
734,Roger,Freeman,rfreemankd@plala.or.jp,RU,2015-12-01,2015-12-13,734
735,Brian,James,bjameske@imgur.com,CN,2015-12-02,2015-12-18,735
736,Donald,Crawford,dcrawfordkf@howstuffworks.com,MX,2015-12-02,2015-12-15,736
737,Judith,Washington,jwashingtonkg@rambler.ru,PH,2015-12-03,2015-12-26,737
738,Joan,Alvarez,jalvarezkh@comsenz.com,BY,2015-12-03,2015-12-20,738
739,Louis,Schmidt,lschmidtki@simplemachines.org,SE,2015-12-01,2015-12-29,739
740,Nancy,Frazier,nfrazierkj@uol.com.br,CN,2015-12-01,2015-12-29,740
741,Jerry,Hamilton,jhamiltonkk@cnbc.com,CN,2015-12-02,2015-12-23,741
742,Amanda,Gibson,agibsonkl@latimes.com,PL,2015-12-04,2015-12-14,742
743,Amy,Warren,awarrenkm@sfgate.com,US,2015-12-06,2015-12-19,743
744,Philip,Reid,preidkn@ihg.com,CO,2015-12-03,2015-12-16,744
745,Andrew,Murray,amurrayko@amazon.co.jp,CN,2015-12-05,2015-12-20,745
746,Nancy,Thomas,nthomaskp@surveymonkey.com,CN,2015-12-03,2015-12-13,746
747,Evelyn,Stephens,estephenskq@cbc.ca,PL,2015-12-01,2015-12-23,747
748,Julia,Shaw,jshawkr@paginegialle.it,EC,2015-12-06,2015-12-23,748
749,Judith,Griffin,jgriffinks@ask.com,CN,2015-12-06,2015-12-27,749
750,Walter,Smith,wsmithkt@state.gov,PE,2015-12-01,2015-12-27,750
751,Sandra,Wagner,swagnerku@trellian.com,RU,2015-12-03,2015-12-21,751
752,Gary,Rivera,griverakv@oaic.gov.au,ID,2015-12-04,2015-12-09,752
753,Cynthia,Ryan,cryankw@illinois.edu,PT,2015-12-06,2015-12-25,753
754,Evelyn,Rose,erosekx@paypal.com,MG,2015-12-06,2015-12-27,754
755,Wanda,Gordon,wgordonky@360.cn,AL,2015-12-06,2015-12-14,755
756,Carolyn,Hunt,chuntkz@alexa.com,ID,2015-12-04,2015-12-27,756
757,Susan,Reynolds,sreynoldsl0@digg.com,ID,2015-12-04,2015-12-13,757
758,Patrick,Fields,pfieldsl1@ask.com,MA,2015-12-04,2015-12-17,758
759,Edward,Knight,eknightl2@hp.com,RU,2015-12-06,2015-12-15,759
760,Benjamin,Davis,bdavisl3@diigo.com,ID,2015-12-03,2015-12-19,760
761,Howard,Schmidt,hschmidtl4@accuweather.com,HR,2015-12-03,2015-12-15,761
762,Adam,Gilbert,agilbertl5@google.ca,CN,2015-12-04,2015-12-25,762
763,Bobby,Murphy,bmurphyl6@squidoo.com,VE,2015-12-02,2015-12-16,763
764,Lori,Burke,lburkel7@miibeian.gov.cn,AW,2015-12-03,2015-12-19,764
765,Ruth,Mitchell,rmitchelll8@nba.com,UA,2015-12-06,2015-12-16,765
766,Jennifer,Larson,jlarsonl9@japanpost.jp,CZ,2015-12-05,2015-12-24,766
767,Gloria,Morris,gmorrisla@netlog.com,AL,2015-12-04,2015-12-11,767
768,Arthur,Ferguson,afergusonlb@blogger.com,RU,2015-12-04,2015-12-15,768
769,Ruth,Burke,rburkelc@odnoklassniki.ru,PH,2015-12-02,2015-12-15,769
770,Victor,Simmons,vsimmonsld@mozilla.com,LU,2015-12-06,2015-12-28,770
771,Katherine,Martinez,kmartinezle@webs.com,BR,2015-12-03,2015-12-19,771
772,Justin,Vasquez,jvasquezlf@weebly.com,BD,2015-12-01,2015-12-19,772
773,Terry,Hunter,thunterlg@wp.com,PH,2015-12-02,2015-12-29,773
774,Beverly,Thomas,bthomaslh@sitemeter.com,UA,2015-12-06,2015-12-12,774
775,Irene,Perkins,iperkinsli@bbb.org,US,2015-12-04,2015-12-20,775
776,Anthony,Hughes,ahugheslj@hatena.ne.jp,PK,2015-12-05,2015-12-26,776
777,Benjamin,Carr,bcarrlk@state.gov,FR,2015-12-04,2015-12-30,777
778,Diane,Gonzales,dgonzalesll@engadget.com,ID,2015-12-02,2015-12-18,778
779,Pamela,Peterson,ppetersonlm@google.fr,CN,2015-12-03,2015-12-22,779
780,Judy,Hughes,jhughesln@oaic.gov.au,PL,2015-12-06,2015-12-27,780
781,Jonathan,Snyder,jsnyderlo@tiny.cc,PH,2015-12-04,2015-12-11,781
782,Aaron,Alexander,aalexanderlp@1und1.de,CN,2015-12-03,2015-12-17,782
783,Gary,Reyes,greyeslq@baidu.com,US,2015-12-02,2015-12-11,783
784,Beverly,Crawford,bcrawfordlr@usa.gov,RU,2015-12-06,2015-12-28,784
785,Timothy,Riley,trileyls@netscape.com,KR,2015-12-05,2015-12-12,785
786,Elizabeth,Martin,emartinlt@stumbleupon.com,CN,2015-12-02,2015-12-17,786
787,Joyce,Stone,jstonelu@naver.com,GE,2015-12-01,2015-12-15,787
788,Keith,Perry,kperrylv@telegraph.co.uk,TH,2015-12-02,2015-12-09,788
789,Chris,Wood,cwoodlw@altervista.org,CN,2015-12-04,2015-12-22,789
790,Sharon,Bryant,sbryantlx@flickr.com,HR,2015-12-05,2015-12-17,790
791,Stephen,Howard,showardly@microsoft.com,CN,2015-12-04,2015-12-27,791
792,Peter,Tucker,ptuckerlz@java.com,PL,2015-12-02,2015-12-10,792
793,Frank,Cruz,fcruzm0@miibeian.gov.cn,TH,2015-12-01,2015-12-24,793
794,Denise,Ellis,dellism1@jiathis.com,MY,2015-12-06,2015-12-18,794
795,Wayne,Simmons,wsimmonsm2@facebook.com,BR,2015-12-04,2015-12-09,795
796,Johnny,Mendoza,jmendozam3@so-net.ne.jp,RU,2015-12-05,2015-12-12,796
797,Mary,Ross,mrossm4@instagram.com,DO,2015-12-06,2015-12-28,797
798,Daniel,Garza,dgarzam5@bloglovin.com,PK,2015-12-01,2015-12-11,798
799,Carlos,Rice,cricem6@webnode.com,PL,2015-12-03,2015-12-25,799
800,Karen,Evans,kevansm7@tinyurl.com,GM,2015-12-06,2015-12-14,800
801,Shirley,Gilbert,sgilbertm8@biblegateway.com,RS,2015-12-05,2015-12-21,801
802,Chris,Wallace,cwallacem9@ustream.tv,CN,2015-12-03,2015-12-20,802
803,Stephen,Montgomery,smontgomeryma@tripod.com,PH,2015-12-06,2015-12-25,803
804,Kevin,Austin,kaustinmb@edublogs.org,RU,2015-12-04,2015-12-25,804
805,Donna,Parker,dparkermc@reference.com,BR,2015-12-06,2015-12-29,805
806,Lisa,Kim,lkimmd@who.int,CZ,2015-12-06,2015-12-19,806
807,Jason,Meyer,jmeyerme@odnoklassniki.ru,FR,2015-12-06,2015-12-14,807
808,Ryan,Tucker,rtuckermf@usatoday.com,ID,2015-12-03,2015-12-25,808
809,Ashley,Carroll,acarrollmg@hugedomains.com,RU,2015-12-03,2015-12-11,809
810,Dorothy,Wright,dwrightmh@ft.com,HN,2015-12-06,2015-12-13,810
811,Alice,Snyder,asnydermi@etsy.com,SE,2015-12-02,2015-12-10,811
812,Robin,Armstrong,rarmstrongmj@histats.com,CN,2015-12-01,2015-12-16,812
813,Catherine,Anderson,candersonmk@buzzfeed.com,JP,2015-12-05,2015-12-11,813
814,Fred,Ortiz,fortizml@indiatimes.com,FR,2015-12-06,2015-12-09,814
815,Jimmy,James,jjamesmm@nbcnews.com,ID,2015-12-05,2015-12-09,815
816,Walter,Perry,wperrymn@earthlink.net,PH,2015-12-01,2015-12-12,816
817,Willie,Matthews,wmatthewsmo@state.tx.us,CN,2015-12-02,2015-12-26,817
818,Billy,Wagner,bwagnermp@columbia.edu,JP,2015-12-05,2015-12-25,818
819,Pamela,Thomas,pthomasmq@networkadvertising.org,ID,2015-12-04,2015-12-20,819
820,Chris,Reed,creedmr@mediafire.com,MA,2015-12-02,2015-12-10,820
821,Ronald,Mason,rmasonms@jigsy.com,VN,2015-12-02,2015-12-25,821
822,Sean,Alexander,salexandermt@dyndns.org,RU,2015-12-05,2015-12-20,822
823,Victor,Sullivan,vsullivanmu@dedecms.com,CN,2015-12-04,2015-12-16,823
824,Steven,Hayes,shayesmv@creativecommons.org,CZ,2015-12-03,2015-12-30,824
825,Diane,Ferguson,dfergusonmw@netscape.com,PY,2015-12-06,2015-12-20,825
826,Andrew,Fields,afieldsmx@seesaa.net,UG,2015-12-04,2015-12-23,826
827,Sarah,Howard,showardmy@census.gov,IR,2015-12-01,2015-12-29,827
828,Angela,Brown,abrownmz@lycos.com,PT,2015-12-05,2015-12-12,828
829,Kathryn,Owens,kowensn0@youku.com,MA,2015-12-04,2015-12-27,829
830,Ashley,Gutierrez,agutierrezn1@oaic.gov.au,GT,2015-12-01,2015-12-15,830
831,Carol,Payne,cpaynen2@devhub.com,CA,2015-12-02,2015-12-13,831
832,Linda,Ferguson,lfergusonn3@mediafire.com,CA,2015-12-06,2015-12-30,832
833,Teresa,Lawrence,tlawrencen4@infoseek.co.jp,ID,2015-12-03,2015-12-12,833
834,Jason,Hart,jhartn5@sphinn.com,CN,2015-12-03,2015-12-26,834
835,Deborah,Burke,dburken6@cloudflare.com,PT,2015-12-02,2015-12-25,835
836,Norma,Thompson,nthompsonn7@discuz.net,MZ,2015-12-05,2015-12-19,836
837,Donna,Clark,dclarkn8@soup.io,KI,2015-12-03,2015-12-10,837
838,Louis,Willis,lwillisn9@live.com,CN,2015-12-01,2015-12-22,838
839,Sandra,Ellis,sellisna@usa.gov,CD,2015-12-05,2015-12-25,839
840,Richard,Turner,rturnernb@webmd.com,SY,2015-12-01,2015-12-27,840
841,James,Matthews,jmatthewsnc@geocities.com,ID,2015-12-01,2015-12-12,841
842,Gloria,Boyd,gboydnd@chicagotribune.com,AU,2015-12-01,2015-12-20,842
843,Daniel,Wagner,dwagnerne@foxnews.com,CN,2015-12-01,2015-12-09,843
844,Betty,Welch,bwelchnf@sina.com.cn,BR,2015-12-02,2015-12-13,844
845,Jacqueline,Crawford,jcrawfordng@digg.com,VE,2015-12-05,2015-12-24,845
846,Brian,Sims,bsimsnh@dailymotion.com,CN,2015-12-01,2015-12-09,846
847,Ruby,Price,rpriceni@twitpic.com,AR,2015-12-06,2015-12-11,847
848,Dorothy,Gibson,dgibsonnj@netscape.com,RU,2015-12-05,2015-12-10,848
849,Diana,Myers,dmyersnk@technorati.com,PH,2015-12-05,2015-12-25,849
850,Marie,Garcia,mgarcianl@51.la,SE,2015-12-06,2015-12-17,850
851,Eugene,Gomez,egomeznm@ifeng.com,CN,2015-12-02,2015-12-10,851
852,Evelyn,Knight,eknightnn@wordpress.org,YE,2015-12-05,2015-12-28,852
853,Scott,Mcdonald,smcdonaldno@usgs.gov,FM,2015-12-03,2015-12-29,853
854,Harry,Kelly,hkellynp@google.com,CN,2015-12-06,2015-12-30,854
855,Steven,Mendoza,smendozanq@angelfire.com,ID,2015-12-05,2015-12-26,855
856,Shirley,Phillips,sphillipsnr@forbes.com,PH,2015-12-03,2015-12-26,856
857,Paul,Martin,pmartinns@gmpg.org,BO,2015-12-01,2015-12-12,857
858,Benjamin,Chavez,bchaveznt@themeforest.net,BR,2015-12-05,2015-12-19,858
859,Jesse,Ortiz,jortiznu@4shared.com,ID,2015-12-03,2015-12-27,859
860,Jacqueline,Warren,jwarrennv@weebly.com,UA,2015-12-06,2015-12-22,860
861,Brandon,Long,blongnw@sciencedirect.com,GR,2015-12-03,2015-12-14,861
862,Deborah,Coleman,dcolemannx@imdb.com,CN,2015-12-06,2015-12-15,862
863,Lisa,Graham,lgrahamny@cpanel.net,BR,2015-12-02,2015-12-27,863
864,Maria,Morris,mmorrisnz@last.fm,ID,2015-12-05,2015-12-30,864
865,Samuel,Duncan,sduncano0@google.ru,CN,2015-12-02,2015-12-15,865
866,Dorothy,Snyder,dsnydero1@springer.com,TH,2015-12-01,2015-12-16,866
867,Alice,Nichols,anicholso2@creativecommons.org,PH,2015-12-06,2015-12-22,867
868,Rose,Thomas,rthomaso3@sogou.com,MY,2015-12-02,2015-12-28,868
869,Philip,Alexander,palexandero4@ca.gov,CN,2015-12-05,2015-12-17,869
870,Lisa,Carroll,lcarrollo5@guardian.co.uk,IQ,2015-12-05,2015-12-25,870
871,Heather,Foster,hfostero6@privacy.gov.au,CZ,2015-12-05,2015-12-11,871
872,Dennis,Foster,dfostero7@google.com.br,ID,2015-12-04,2015-12-21,872
873,Shirley,Gibson,sgibsono8@pcworld.com,PT,2015-12-04,2015-12-24,873
874,Nancy,Chavez,nchavezo9@google.com.hk,ID,2015-12-04,2015-12-18,874
875,Philip,Knight,pknightoa@ihg.com,CN,2015-12-04,2015-12-18,875
876,Michael,Allen,mallenob@dailymail.co.uk,PK,2015-12-02,2015-12-29,876
877,Sarah,Watson,swatsonoc@redcross.org,ID,2015-12-02,2015-12-20,877
878,Jacqueline,Gomez,jgomezod@behance.net,VN,2015-12-03,2015-12-24,878
879,Frank,Jacobs,fjacobsoe@w3.org,ID,2015-12-06,2015-12-13,879
880,David,Duncan,dduncanof@tmall.com,UA,2015-12-01,2015-12-18,880
881,Mary,Reynolds,mreynoldsog@noaa.gov,PA,2015-12-04,2015-12-27,881
882,Eric,Nelson,enelsonoh@vimeo.com,ID,2015-12-05,2015-12-18,882
883,Mildred,Mccoy,mmccoyoi@seesaa.net,PH,2015-12-05,2015-12-12,883
884,Mark,Myers,mmyersoj@mediafire.com,RU,2015-12-03,2015-12-25,884
885,Dennis,Henderson,dhendersonok@paginegialle.it,RU,2015-12-01,2015-12-18,885
886,Martha,Dunn,mdunnol@buzzfeed.com,PT,2015-12-05,2015-12-28,886
887,Judith,Fisher,jfisherom@oracle.com,GT,2015-12-05,2015-12-27,887
888,Karen,Coleman,kcolemanon@infoseek.co.jp,ID,2015-12-01,2015-12-20,888
889,Juan,Sanchez,jsanchezoo@privacy.gov.au,BR,2015-12-06,2015-12-17,889
890,Larry,Martinez,lmartinezop@home.pl,FR,2015-12-05,2015-12-25,890
891,Laura,Fowler,lfowleroq@youtu.be,CN,2015-12-05,2015-12-27,891
892,Sandra,Murphy,smurphyor@desdev.cn,ID,2015-12-01,2015-12-21,892
893,Gregory,Shaw,gshawos@dedecms.com,FR,2015-12-02,2015-12-28,893
894,Catherine,Gardner,cgardnerot@drupal.org,ID,2015-12-01,2015-12-15,894
895,Julie,Stone,jstoneou@harvard.edu,CN,2015-12-05,2015-12-28,895
896,Gloria,Bishop,gbishopov@google.ru,CA,2015-12-04,2015-12-17,896
897,Antonio,Reynolds,areynoldsow@sogou.com,CN,2015-12-02,2015-12-13,897
898,Jack,Reed,jreedox@samsung.com,CN,2015-12-04,2015-12-11,898
899,Stephanie,Griffin,sgriffinoy@jimdo.com,ID,2015-12-01,2015-12-27,899
900,Tammy,Hamilton,thamiltonoz@nbcnews.com,NP,2015-12-04,2015-12-13,900
901,Gloria,Wilson,gwilsonp0@sohu.com,US,2015-12-05,2015-12-21,901
902,Earl,Alexander,ealexanderp1@qq.com,DK,2015-12-04,2015-12-26,902
903,Joshua,Taylor,jtaylorp2@miitbeian.gov.cn,RU,2015-12-03,2015-12-09,903
904,Jeffrey,Weaver,jweaverp3@arstechnica.com,PS,2015-12-05,2015-12-12,904
905,Joyce,Diaz,jdiazp4@icq.com,SI,2015-12-05,2015-12-26,905
906,Walter,Stephens,wstephensp5@dedecms.com,RU,2015-12-02,2015-12-15,906
907,Peter,Price,ppricep6@icio.us,TH,2015-12-06,2015-12-21,907
908,Margaret,Rice,mricep7@xrea.com,CN,2015-12-01,2015-12-12,908
909,Jerry,Hunt,jhuntp8@photobucket.com,MA,2015-12-01,2015-12-21,909
910,Nicole,Peters,npetersp9@list-manage.com,CO,2015-12-01,2015-12-28,910
911,Sandra,Perry,sperrypa@qq.com,FR,2015-12-05,2015-12-12,911
912,Peter,Campbell,pcampbellpb@archive.org,SY,2015-12-01,2015-12-28,912
913,Norma,Jones,njonespc@tuttocitta.it,PT,2015-12-01,2015-12-12,913
914,Michelle,Lynch,mlynchpd@canalblog.com,RU,2015-12-05,2015-12-18,914
915,Judith,Reyes,jreyespe@deviantart.com,PT,2015-12-06,2015-12-22,915
916,Brandon,Andrews,bandrewspf@sfgate.com,RU,2015-12-03,2015-12-16,916
917,Anthony,Thomas,athomaspg@shinystat.com,US,2015-12-01,2015-12-11,917
918,Keith,Payne,kpayneph@chronoengine.com,UA,2015-12-01,2015-12-09,918
919,Bonnie,Warren,bwarrenpi@gmpg.org,YE,2015-12-05,2015-12-24,919
920,Louise,Grant,lgrantpj@reddit.com,AR,2015-12-06,2015-12-22,920
921,Laura,Jordan,ljordanpk@newsvine.com,SI,2015-12-06,2015-12-24,921
922,Paul,Watson,pwatsonpl@privacy.gov.au,PT,2015-12-04,2015-12-19,922
923,Brian,Fox,bfoxpm@ted.com,ID,2015-12-01,2015-12-18,923
924,Phillip,Oliver,poliverpn@forbes.com,UA,2015-12-06,2015-12-19,924
925,Earl,Flores,eflorespo@hp.com,JP,2015-12-03,2015-12-19,925
926,James,Murray,jmurraypp@blogger.com,SE,2015-12-06,2015-12-15,926
927,Stephanie,Phillips,sphillipspq@psu.edu,SE,2015-12-02,2015-12-25,927
928,Julia,Hughes,jhughespr@uol.com.br,LT,2015-12-03,2015-12-29,928
929,Gregory,Simmons,gsimmonsps@webeden.co.uk,CN,2015-12-05,2015-12-19,929
930,Joyce,Ramos,jramospt@hc360.com,IQ,2015-12-04,2015-12-24,930
931,Joshua,Fowler,jfowlerpu@economist.com,AZ,2015-12-05,2015-12-19,931
932,Andrew,Berry,aberrypv@gmpg.org,ID,2015-12-02,2015-12-30,932
933,Margaret,Jenkins,mjenkinspw@foxnews.com,CN,2015-12-02,2015-12-12,933
934,Eugene,Tucker,etuckerpx@csmonitor.com,CZ,2015-12-03,2015-12-28,934
935,Ruth,Mccoy,rmccoypy@businesswire.com,CU,2015-12-04,2015-12-19,935
936,Cynthia,Price,cpricepz@arizona.edu,GR,2015-12-03,2015-12-11,936
937,Alan,Hawkins,ahawkinsq0@scientificamerican.com,ET,2015-12-04,2015-12-20,937
938,Jeffrey,Moore,jmooreq1@t.co,PL,2015-12-03,2015-12-14,938
939,Jose,Palmer,jpalmerq2@bing.com,AF,2015-12-01,2015-12-11,939
940,Diana,Gardner,dgardnerq3@marketwatch.com,CK,2015-12-01,2015-12-18,940
941,Joyce,Patterson,jpattersonq4@themeforest.net,CO,2015-12-02,2015-12-16,941
942,Kimberly,Banks,kbanksq5@phpbb.com,VE,2015-12-02,2015-12-17,942
943,Jane,Warren,jwarrenq6@elegantthemes.com,ID,2015-12-03,2015-12-17,943
944,Christina,Fox,cfoxq7@paginegialle.it,MW,2015-12-06,2015-12-23,944
945,Gregory,Ford,gfordq8@youtube.com,FR,2015-12-05,2015-12-29,945
946,Bruce,Lawson,blawsonq9@feedburner.com,GR,2015-12-02,2015-12-16,946
947,Benjamin,Fisher,bfisherqa@dmoz.org,RU,2015-12-06,2015-12-17,947
948,Judy,Murray,jmurrayqb@uol.com.br,ID,2015-12-04,2015-12-26,948
949,Christina,Hawkins,chawkinsqc@constantcontact.com,PT,2015-12-03,2015-12-29,949
950,Thomas,Dixon,tdixonqd@odnoklassniki.ru,BR,2015-12-03,2015-12-30,950
951,Gerald,Garrett,ggarrettqe@examiner.com,EE,2015-12-04,2015-12-13,951
952,Todd,Lane,tlaneqf@businessinsider.com,SE,2015-12-05,2015-12-26,952
953,Laura,Alexander,lalexanderqg@free.fr,BY,2015-12-06,2015-12-28,953
954,Bobby,Thomas,bthomasqh@gov.uk,PH,2015-12-04,2015-12-18,954
955,Robert,Black,rblackqi@elpais.com,MY,2015-12-06,2015-12-21,955
956,Diana,Gonzalez,dgonzalezqj@geocities.com,GH,2015-12-03,2015-12-22,956
957,Phyllis,Russell,prussellqk@naver.com,CN,2015-12-06,2015-12-12,957
958,Lillian,Wagner,lwagnerql@cnn.com,CN,2015-12-04,2015-12-12,958
959,Donald,Richardson,drichardsonqm@technorati.com,PE,2015-12-03,2015-12-21,959
960,Heather,Arnold,harnoldqn@sfgate.com,PK,2015-12-01,2015-12-11,960
961,Carolyn,Hunt,chuntqo@furl.net,PH,2015-12-03,2015-12-15,961
962,Rose,Johnson,rjohnsonqp@cyberchimps.com,US,2015-12-01,2015-12-27,962
963,Barbara,Tucker,btuckerqq@pagesperso-orange.fr,SE,2015-12-01,2015-12-09,963
964,Julie,King,jkingqr@tuttocitta.it,HR,2015-12-01,2015-12-13,964
965,Gregory,Scott,gscottqs@chron.com,CA,2015-12-06,2015-12-18,965
966,Jason,Reed,jreedqt@technorati.com,ZA,2015-12-05,2015-12-12,966
967,Gloria,Perkins,gperkinsqu@gizmodo.com,CN,2015-12-06,2015-12-11,967
968,Jack,Bryant,jbryantqv@imgur.com,CO,2015-12-01,2015-12-10,968
969,Jimmy,Jenkins,jjenkinsqw@economist.com,PL,2015-12-05,2015-12-27,969
970,Jacqueline,Hicks,jhicksqx@mysql.com,TH,2015-12-04,2015-12-21,970
971,Jane,Harrison,jharrisonqy@gmpg.org,PH,2015-12-03,2015-12-17,971
972,Edward,Turner,eturnerqz@xing.com,ET,2015-12-05,2015-12-23,972
973,David,Hughes,dhughesr0@myspace.com,BR,2015-12-06,2015-12-21,973
974,Ronald,Scott,rscottr1@chronoengine.com,FR,2015-12-05,2015-12-20,974
975,Louise,Bell,lbellr2@vinaora.com,GT,2015-12-02,2015-12-29,975
976,Walter,Brown,wbrownr3@wikia.com,CN,2015-12-06,2015-12-19,976
977,Jerry,Sims,jsimsr4@g.co,CN,2015-12-03,2015-12-15,977
978,Ryan,Jenkins,rjenkinsr5@amazon.co.uk,MX,2015-12-04,2015-12-26,978
979,Mildred,Gray,mgrayr6@seesaa.net,GR,2015-12-03,2015-12-22,979
980,Marilyn,Hudson,mhudsonr7@homestead.com,PH,2015-12-05,2015-12-13,980
981,Jennifer,Harrison,jharrisonr8@accuweather.com,BR,2015-12-02,2015-12-16,981
982,Terry,Mendoza,tmendozar9@blogspot.com,CN,2015-12-01,2015-12-29,982
983,Craig,Turner,cturnerra@vistaprint.com,IE,2015-12-06,2015-12-11,983
984,Julia,Olson,jolsonrb@free.fr,ID,2015-12-01,2015-12-13,984
985,Brandon,Garrett,bgarrettrc@ovh.net,FI,2015-12-02,2015-12-15,985
986,Marie,Boyd,mboydrd@hc360.com,VN,2015-12-05,2015-12-11,986
987,Ruby,Carpenter,rcarpenterre@arizona.edu,MA,2015-12-03,2015-12-10,987
988,Julia,Greene,jgreenerf@furl.net,SY,2015-12-05,2015-12-30,988
989,Marilyn,Garrett,mgarrettrg@google.es,US,2015-12-01,2015-12-23,989
990,Lori,Peterson,lpetersonrh@tinyurl.com,AR,2015-12-05,2015-12-09,990
991,David,Bailey,dbaileyri@auda.org.au,CN,2015-12-05,2015-12-29,991
992,Fred,Gray,fgrayrj@hexun.com,RU,2015-12-01,2015-12-30,992
993,Joan,Pierce,jpiercerk@utexas.edu,US,2015-12-02,2015-12-18,993
994,Joshua,Knight,jknightrl@youtu.be,TH,2015-12-01,2015-12-16,994
995,Sharon,Moreno,smorenorm@ca.gov,PH,2015-12-02,2015-12-24,995
996,Michael,Henderson,mhendersonrn@dmoz.org,RU,2015-12-04,2015-12-21,996
997,Gerald,Vasquez,gvasquezro@usatoday.com,LK,2015-12-04,2015-12-10,997
998,Theresa,Ramirez,tramirezrp@tinypic.com,IT,2015-12-04,2015-12-13,998
999,Brenda,Murphy,bmurphyrq@hubpages.com,ID,2015-12-04,2015-12-16,999
1000,Amanda,Crawford,acrawfordrr@clickbank.net,ZA,2015-12-04,2015-12-22,1000